Acession code	Predicted	True	Score
Q13015	0	0	-1.058
P04921	0	0	3.303
Q8BG31	0	0	0.2
Q03482	0	0	1.997
O94428	0	0	0.148
Q8N5A5	0	0	3.345
Q9NSG2	0	0	4.348
Q86UT6	0	0	1.041
Q8BJ64	1	0	6.54
O42878	0	0	1.249
Q96HI0	0	0	-2.248
O17514	0	0	-4.772
G5EG44	0	0	3.687
P12294	0	0	-0.391
Q969F1	0	0	0.058
Q02099	0	0	-0.77
Q6ZT62	0	0	-0.361
P48412	0	0	-5.568
Q96M32	0	0	-0.161
P34122	0	0	1.918
P56291	0	0	1.668
P48527	0	0	1.691
O43929	0	0	-0.399
P53061	0	0	-3.649
Q22197	0	0	-0.962
O74541	0	0	-0.279
Q9N425	1	0	6.389
Q10154	0	0	-0.366
Q8N684	0	0	-0.495
Q93560	0	0	4.859
Q03246	0	0	-1.677
P19954	0	0	-0.088
Q9TZ70	0	0	-1.132
P56216	0	0	2.816
Q96H96	0	0	4.461
P30222	0	0	2.65
P32908	0	0	-0.77
Q10FT0	0	0	-1.429
Q9TY84	0	0	-2.015
O75952	0	0	-1.015
Q940H2	0	0	-0.267
Q9N658	1	0	6.932
P48327	0	0	4.46
Q8NG31	0	0	-4.404
Q7KMJ6	0	0	-3.376
P29214	0	0	-0.476
Q9H147	0	0	-1.218
Q6EMB2	0	0	-0.318
Q9SKZ1	0	0	-0.082
G5ECG2	0	0	0.54
Q9SZI6	0	0	0.885
O13956	0	0	-3.274
Q95167	0	0	-2.591
Q5YLB5	0	0	0.427
P43122	0	0	-0.582
P45815	0	0	1.445
Q08810	0	0	-9.941
P53866	0	0	-4.725
Q9BRS8	0	0	-1.283
Q9W157	0	0	0.755
Q9Y252	0	0	-3.902
O74734	0	0	-1.611
Q43784	0	0	1.156
Q9SW31	0	0	-1.469
Q6Q547	0	0	-4.502
O36029	0	0	0.283
Q969F9	0	0	2.733
C9JLW8	0	0	-4.097
Q9C8L2	0	0	3.532
K4D422	0	0	1.015
Q94B35	0	0	0.574
Q68E01	0	0	5.594
O59767	0	0	-0.395
O94248	0	0	-2.581
Q9Y605	0	0	-2.58
P40228	0	0	-2.081
Q9NRR8	0	0	-1.873
Q03151	0	0	-2.918
Q9UFW8	0	0	-0.711
Q9NPJ4	0	0	-1.287
Q9LU21	0	0	2.402
O94276	0	0	1.635
Q5SRY7	1	0	6.606
O74385	0	0	0.627
Q4VAE3	0	0	3.656
P82669	0	0	-3.313
Q92353	0	0	2.012
P63002	0	0	-2.368
Q8NEZ4	0	0	-2.679
O46915	0	0	-5.145
Q9P6P0	0	0	2.301
O70200	0	0	-3.013
Q99188	0	0	-1.473
A4GSN8	0	0	2.419
P53810	0	0	-1.086
Q8C206	1	0	10.09
O42953	0	0	3.939
A7DTF0	0	0	-6.687
Q6NVF4	0	0	-1.935
Q9HFE6	0	0	-0.867
Q8RY71	0	0	-0.395
Q6IPR1	0	0	-4.764
D4A2Y9	0	0	-0.621
P42845	0	0	-0.062
O60921	0	0	-0.377
Q8BZA9	0	0	3.283
P42951	0	0	-0.715
Q9LS24	0	0	-2.644
P38198	0	0	4.44
Q9JK95	0	0	5.203
P53264	0	0	0.165
B2D6P4	0	0	-0.2
Q15811	0	0	5.547
Q9M158	0	0	6.217
Q0WQ91	0	0	2.67
P34162	0	0	0.159
O94384	0	0	1.447
O13927	0	0	-3.144
Q9H583	0	0	0.54
O74489	0	0	1.625
P22734	1	0	8.645
Q7Z614	0	0	0.733
O14042	0	0	-1.011
Q42496	0	0	3.236
Q07335	0	0	0.35
Q9VMD0	0	0	4.531
O09112	0	0	1.294
Q04888	0	0	-0.082
P53941	0	0	-2.61
P46416	0	0	4.115
Q23889	0	0	-3.102
Q9UDW3	0	0	2.556
Q60676	0	0	-0.996
O13650	0	0	4.912
Q85FP0	0	0	0.689
Q9US49	0	0	-1.597
Q9Y7X4	0	0	4.107
Q9P7K1	0	0	-2.421
Q5TYM5	0	0	2.846
O43719	0	0	-2.573
P18494	0	0	1.303
Q9STS7	1	0	6.52
Q80WE4	0	0	1.76
P53184	0	0	0.266
Q12509	0	0	-1.084
O95905	0	0	-1.46
A8CVF3	0	0	-1.839
F1M386	0	0	0.451
Q10272	0	0	3.153
P49334	0	0	-3.203
Q86XK2	0	0	-6.74
Q2LCP0	0	0	1.901
O14141	0	0	-2.553
O22130	0	0	-2.909
Q9FX67	0	0	3.585
Q6P4R8	0	0	2.69
Q9VGH1	0	0	3.45
Q9SA52	0	0	2.359
O43482	0	0	5.854
Q9V452	0	0	-0.694
P41229	0	0	-3.852
P35729	0	0	2.784
Q2M1K9	0	0	3.274
Q9V3V7	0	0	-2.979
P34537	0	0	-3.235
Q9LXR8	0	0	-7.798
P50748	0	0	1.853
Q7JNM3	0	0	-1.783
Q9H7E2	0	0	2.938
Q9U213	0	0	-0.907
Q9NRP7	0	0	-0.774
Q9VXG1	0	0	5.513
Q9FJ95	0	0	0.063
Q6CLY8	0	0	1.865
Q5HZG9	0	0	2.532
Q3V6T2	0	0	0.964
P81122	0	0	3.566
O48917	0	0	5.026
Q9UT60	0	0	4.584
P51371	0	0	0.861
P78508	0	0	5.881
Q59RL7	0	0	0.199
Q9C5J3	0	0	-6.164
P97452	0	0	-0.361
P50105	0	0	-1.84
Q92945	0	0	1.156
P32800	0	0	1.346
Q3E785	0	0	-1.502
Q4V7C6	0	0	3.43
Q9USZ4	0	0	1.922
P40019	0	0	-6.163
Q8NCN4	0	0	4.882
Q9UPR3	0	0	3.041
Q2HJJ1	0	0	-3.217
O13612	0	0	3.193
Q9HE09	0	0	0.595
Q03694	0	0	-5.346
P32858	0	0	5.073
Q22812	0	0	2.933
Q9S7Z8	0	0	2.409
Q42512	0	0	4.195
Q9FFJ8	0	0	-0.396
P40968	0	0	-1.842
Q15466	0	0	4.51
Q00059	0	0	4.436
Q9LER7	0	0	5.224
O43586	0	0	-1.608
Q9NTZ6	0	0	1.344
Q96P88	1	0	6.485
O22788	0	0	5.44
O62471	0	0	-0.014
Q64244	0	0	4.883
Q9UNS2	0	0	2.804
Q149M9	0	0	0.498
Q11193	0	0	-0.386
O79550	0	0	2.86
P38872	0	0	-3.481
Q9FK13	0	0	-3.21
P40535	0	0	-1.378
Q96BN2	0	0	3.398
Q66GP9	0	0	1.462
P27889	0	0	3.061
O19900	0	0	-7.169
Q6ZY51	0	0	0.139
O60158	0	0	0.268
Q7SAJ1	0	0	4.379
Q39134	0	0	5.035
Q99359	0	0	-1.412
Q9UUB6	0	0	-1.303
Q7L0Y3	0	0	-1.196
Q9P287	0	0	-4.065
Q9URY5	0	0	-0.624
Q9P127	0	0	-2.696
O60566	0	0	1.462
P82899	0	0	-0.348
P82536	0	0	0.251
Q5VZV1	0	0	0.753
P33751	0	0	3.307
Q08274	0	0	2.492
P22265	0	0	2.46
P07665	0	0	-0.7
Q96WV0	0	0	-3.486
Q9NVI1	0	0	0.347
Q7M258	0	0	-5.691
P00428	0	0	2.217
O59734	0	0	-0.613
Q810M6	0	0	-3.086
Q8TAX9	0	0	-1.684
P48254	0	0	-0.211
Q8H157	0	0	1.809
Q8N0T1	0	0	-5.038
Q99ML0	0	0	2.544
Q9WUM4	0	0	1.228
G5ECD6	1	0	7.64
Q9NR21	0	0	-2.201
P23786	0	0	0.991
P40012	0	0	1.388
A8JFU2	1	0	11.195
Q75W84	0	0	3.562
Q03429	0	0	-0.379
Q12117	0	0	4.493
Q9FV50	0	0	0.797
Q9XZ34	0	0	3.421
Q17431	0	0	-1.584
Q8NCN2	0	0	-0.662
Q9BRS2	0	0	-2.587
P32521	0	0	-2.468
P17009	0	0	-0.795
Q9Y2Q9	0	0	1.381
Q6X7J9	0	0	0.104
P70585	1	0	7.054
Q5VTR2	0	0	-2.504
P59722	0	0	4.374
Q92989	0	0	0.752
Q7S7R6	0	0	0.906
Q6DBA5	0	0	-2.609
P03934	0	0	-3.352
Q02642	0	0	-2.843
Q9NVV9	0	0	-2.103
Q84MZ4	0	0	-2.524
Q8MEX2	0	0	-0.637
P87227	0	0	0.481
O75821	0	0	-0.179
Q99373	0	0	-1.105
Q498E2	0	0	3.071
Q9SZL6	0	0	-2.058
Q94IN5	0	0	1.647
O43008	0	0	0.428
Q9H832	0	0	5.915
F4JYC8	0	0	-1.442
O23166	0	0	4.925
Q9P7V4	0	0	1.114
F4IHL3	0	0	-0.731
Q02950	0	0	-1.113
Q3MV14	0	0	1.815
O74832	0	0	-2.746
Q10SY9	0	0	5.563
Q9UH65	0	0	-0.083
O43542	0	0	0.565
A0A2Z4LIS9	0	0	3.193
A9UHW6	0	0	-0.381
O74845	0	0	-0.626
Q9GRZ3	0	0	-1.117
Q9TLS1	0	0	-1.15
O19883	0	0	5.102
Q0D3I7	0	0	-1.053
Q8R526	0	0	-0.132
O09130	0	0	-0.673
Q9CPR8	0	0	-0.319
O78431	0	0	-0.209
Q6ZWS8	0	0	-1.16
Q9UT10	0	0	0.09
Q8IPX7	0	0	-1.719
P06652	0	0	1.994
Q9P7E0	0	0	4.062
Q9VEC3	0	0	-3.773
Q92546	0	0	2.184
O94453	0	0	2.135
P61266	0	0	-2.934
Q8GWA2	0	0	0.264
Q8H3A7	1	0	6.569
P05435	0	0	4.904
O48716	0	0	-1.242
O95359	0	0	3.805
P23769	0	0	-2.399
M9MRD1	0	0	-0.491
Q9D8H7	0	0	1.724
Q38HM4	0	0	1.772
P48382	0	0	1.938
Q7KTX8	0	0	-0.353
D3YN49	0	0	0.669
O13919	0	0	-0.889
Q0P5I5	0	0	0.973
Q8TAT5	0	0	3.306
Q9XIP2	0	0	-0.252
Q09961	0	0	-2.537
P41698	0	0	2.806
Q29RF7	0	0	3.6
Q03718	0	0	4.566
Q7K556	0	0	2.123
Q7SHR9	0	0	3.892
O88713	0	0	3.697
Q9SHE8	0	0	4.983
P47158	0	0	0.477
Q6Q4D0	0	0	-1.301
Q06494	0	0	1.974
Q9VSA3	0	0	2.262
P42696	0	0	1.254
Q9C587	0	0	-3.998
Q8RXN6	0	0	-2.978
P38879	0	0	-2.277
P26335	0	0	-3.311
Q3MHJ5	0	0	1.809
O94368	0	0	2.07
P26860	0	0	-3.215
P43246	0	0	0.305
Q9V4P1	0	0	5.161
B2RRE4	0	0	1.978
Q9UT98	0	0	-0.369
Q9UT09	0	0	0.468
O14142	0	0	3.126
P32493	0	0	-2.023
P40154	0	0	-2.995
Q9UUH3	0	0	2.425
Q3UK10	0	0	1.479
Q7Z995	0	0	1.776
P51230	0	0	1.949
Q99L02	0	0	6.135
Q9UFC0	0	0	-0.333
Q9NYV6	0	0	2.063
P36213	0	0	5.249
O60142	0	0	0.121
Q3URQ0	0	0	-2.69
P02260	0	0	0.248
P27583	0	0	1.599
Q42885	0	0	2.474
Q8BSF4	0	0	4.443
Q6QD73	0	0	-1.115
O60016	0	0	-1.968
O88843	0	0	0.863
Q8BGS1	0	0	-1.925
P47988	0	0	-1.476
P07195	0	0	4.356
Q9UNA4	0	0	2.544
Q7SG49	0	0	1.322
Q8CGA3	0	0	4.547
P22893	0	0	-1.304
Q9URW7	0	0	1.19
Q9UUB5	0	0	-4.629
F4J264	0	0	0.328
Q06214	0	0	-0.417
G5EEV2	0	0	2.959
Q00194	0	0	-2.585
Q07914	0	0	3.939
Q7M3M8	0	0	-1.779
Q3U8K7	0	0	-4.152
Q9C5Z3	0	0	-1.432
O14196	0	0	3.219
Q9LSQ3	0	0	1.106
P22194	0	0	-1.386
Q9LY23	0	0	-1.178
Q9M9V6	0	0	4.798
Q94126	0	0	3.938
Q2WGF1	0	0	-2.756
Q96RL1	0	0	-3.35
P85088	0	0	4.084
O74511	0	0	0.799
Q9TLX4	0	0	-0.186
P03902	1	0	7.988
Q28602	0	0	4.874
Q9HD15	0	0	-0.077
Q16514	0	0	1.27
O74416	0	0	-0.401
Q10220	0	0	1.266
Q08970	0	0	-1.691
Q9H3F6	0	0	2.722
Q1K528	0	0	2.748
O13713	0	0	2.46
O88554	0	0	-2.41
Q9UTG1	0	0	4.305
Q9C9U5	0	0	-1.934
Q12072	0	0	1.898
P68353	0	0	-8.529
Q09242	0	0	-3.458
Q96CX2	0	0	1.367
Q9W3U1	0	0	-0.838
O82645	0	0	-2.067
Q9H0W9	0	0	0.316
P15720	0	0	-0.34
Q7Z6K1	0	0	-2.385
Q96RE7	0	0	1.908
P02898	0	0	4.824
Q80VL1	0	0	3.563
Q9LZW2	0	0	-1.046
O15524	0	0	3.812
Q8H1D9	0	0	1.116
Q9SW33	1	0	8.297
Q9Y6W3	0	0	2.151
Q9DAM1	0	0	-0.944
Q01902	0	0	-1.666
Q8S9K3	0	0	0.087
Q9W1V7	0	0	-0.92
Q5TKA1	0	0	-1.531
Q66HP6	0	0	3.35
Q5T3J3	0	0	3.185
P00560	0	0	1.244
Q9H5U6	0	0	1.151
Q86TP1	1	0	6.649
P90783	0	0	-1.138
P83510	0	0	-0.959
P22148	0	0	1.057
A0T0D6	0	0	-3.123
O74964	0	0	0.702
Q09330	0	0	1.83
Q336R9	0	0	4.109
Q9R0A0	0	0	-1.183
Q5KMX8	0	0	0.536
Q9NZC4	0	0	-0.699
Q960V3	0	0	-1.455
Q29006	1	0	7.281
Q04847	0	0	0.378
Q9M9F0	0	0	2.454
Q9C7A2	0	0	2.145
P42842	0	0	1.915
Q9DBA9	0	0	-0.377
G5EEG9	0	0	4.781
Q6NPS8	0	0	3.586
Q9P7N6	1	0	7.145
Q9VL14	0	0	-6.201
Q8VCF0	0	0	2.545
Q9P3U7	0	0	4.654
Q6ID70	0	0	3.346
Q8IUH3	0	0	2.157
Q9Y7Z7	0	0	-0.523
Q03071	0	0	-2.21
Q9SYD8	0	0	-0.85
Q3UUF8	0	0	-0.473
P31326	0	0	0.316
Q9HBE1	0	0	3.115
Q23885	0	0	0.817
O74752	0	0	-0.634
P39749	0	0	-0.301
Q7Z7A4	0	0	2.655
Q8IW03	0	0	2.975
Q9CQT2	0	0	-2.466
P0C304	0	0	2.245
Q8NF50	0	0	0.768
Q9NQ31	0	0	0.776
Q9LT27	0	0	4.354
Q9Y7M8	0	0	-3.569
Q00312	0	0	2.153
Q13686	0	0	1.659
Q6RFZ7	0	0	-1.183
P70460	0	0	-0.191
Q96GM8	0	0	0.427
Q9UTG3	0	0	-2.082
A0T0S6	0	0	5.392
Q9USM9	0	0	0.219
Q08062	0	0	3.507
Q09668	0	0	-1.809
Q9UJX4	0	0	3.265
P31179	0	0	1.231
P55209	0	0	-0.658
Q17569	0	0	-0.127
Q13342	0	0	-1.292
P41779	0	0	-2.399
Q8CEG8	0	0	0.113
Q18240	0	0	-3.896
P53102	0	0	-4.92
Q6NL34	0	0	0.461
Q6NPM8	0	0	2.944
P40035	0	0	2.275
Q9WVJ4	0	0	0.441
O78424	0	0	3.11
P31942	0	0	-1.63
Q9NTM9	0	0	3.194
F4KH86	0	0	0.935
O94365	0	0	0.282
Q05779	0	0	1.688
P12853	1	0	6.586
O00154	0	0	2.634
Q9LSQ5	0	0	0.365
Q9H190	0	0	0.736
P19735	0	0	-2.49
Q9SHH0	0	0	1.856
O43290	0	0	2.592
Q9FZ96	0	0	2.531
A2CI98	0	0	1.699
O74545	0	0	4.016
P53769	0	0	-1.652
Q9P6S5	0	0	0.327
Q8MUF9	0	0	0.549
Q9LP07	0	0	0.938
Q6GQQ9	0	0	2.137
Q91W39	0	0	-2.85
P47910	0	0	5.753
O94733	0	0	-1.34
P14808	0	0	1.466
Q9SMS0	0	0	-1.388
Q8R4U1	0	0	4.954
Q9FXH5	0	0	1.628
Q3E7A3	0	0	4.965
O13855	0	0	4.055
M0RCI4	0	0	4.626
Q0ZCJ7	0	0	4.729
Q56Y52	0	0	0.164
Q3KP66	0	0	4.546
Q9UT04	0	0	-2.974
Q8CCE9	0	0	4.407
Q8RWX4	0	0	1.357
Q9SAL0	0	0	-1.137
O94478	0	0	-1.752
Q95XQ1	0	0	-2.377
Q38885	0	0	0.603
Q9NWT1	0	0	3.118
Q70EL2	0	0	4.441
Q9BV90	0	0	0.625
O77512	0	0	-2.03
Q31721	0	0	5.137
O59719	0	0	0.378
Q76LB1	0	0	5.379
Q9HGQ0	0	0	1.65
Q84TH9	0	0	2.392
P22035	0	0	-0.709
O61707	0	0	-2.312
Q03338	0	0	-3.259
Q04922	0	0	0.072
Q6RH25	0	0	0.344
Q06623	0	0	-0.137
P52923	0	0	3.363
Q969Z0	0	0	2.113
P84562	0	0	-1.763
P34447	0	0	2.7
P28004	0	0	-1.247
Q8R2H7	0	0	-0.883
P53150	0	0	-1.757
O21264	0	0	-1.504
Q12089	0	0	-0.443
Q9FL44	0	0	2.589
O13598	0	0	4.327
Q7TNS8	1	0	6.717
Q9BSV6	0	0	2.421
P48324	0	0	1.691
Q6UW78	0	0	5.144
O81851	0	0	-0.137
Q9WUF3	0	0	0.751
A2ANU3	0	0	3.157
P31336	1	0	7.194
P40121	0	0	0.123
Q9P7G0	0	0	-3.373
Q8R010	0	0	0.305
P26868	0	0	0.26
P50091	0	0	-0.81
Q9ULU4	0	0	-5.465
Q9QX75	0	0	5.498
Q8T0D4	0	0	-0.756
P78586	0	0	1.648
Q09726	0	0	-1.854
O95900	0	0	0.546
Q08213	0	0	1.277
P39679	0	0	-0.787
Q8IZ08	0	0	5.238
P80087	0	0	0.637
Q8N3V7	0	0	0.238
P48938	0	0	0.356
Q9D495	0	0	0.212
O13702	0	0	3.278
O14519	0	0	2.398
Q10210	0	0	2.403
Q8WZK3	0	0	1.891
P33240	0	0	-2.539
Q8WXF8	0	0	5.214
Q9H4Q4	0	0	0.942
Q5H9F3	0	0	0.571
P68356	0	0	-1.24
Q9FXA3	0	0	-1.554
Q12972	0	0	3.336
Q12343	0	0	1.091
Q5T440	0	0	4.143
P41223	0	0	-4.823
O82258	0	0	3.578
Q961D9	0	0	1.146
Q24472	0	0	1.86
Q80WE1	0	0	-4.522
Q01842	0	0	1.53
Q54EQ8	0	0	3.306
O95782	0	0	2.214
O75943	0	0	1.04
P0C870	0	0	0.191
P41695	0	0	-0.378
O94829	0	0	0.994
H2L006	0	0	2.643
Q9LF79	0	0	-3.031
P93009	0	0	5.883
Q9C0C6	0	0	-1.584
P98078	0	0	-1.181
Q14678	0	0	-2.065
Q8BZ00	0	0	1.784
Q91WV7	0	0	-3.467
Q99990	0	0	0.922
Q9JKD9	0	0	4.993
Q12238	0	0	-3.809
P33203	0	0	-2.275
P70662	0	0	2.792
Q6L612	0	0	1.027
O14207	0	0	2.239
P16965	0	0	-7.144
P40502	0	0	4.399
Q9QZN9	1	0	7.757
P30561	0	0	3.133
Q07362	0	0	2.419
Q5VY09	0	0	2.372
O44498	0	0	-1.074
P61604	0	0	1.483
P50402	0	0	1.903
Q80YF9	0	0	2.875
Q708Y0	0	0	2.688
Q9H0F5	0	0	0.088
Q8I1X7	0	0	-3.982
Q9P7T4	0	0	-0.023
P02900	0	0	2.202
Q24478	0	0	-1.299
P30038	0	0	1.368
A6NFQ2	0	0	3.084
P50479	0	0	4.351
P23511	0	0	2.372
Q92917	0	0	2.414
O43012	0	0	2.684
P03872	0	0	0.7
Q69Z66	0	0	-1.701
P38937	0	0	1.578
O82286	0	0	2.408
Q9SKT1	0	0	0.224
Q5SSJ5	0	0	5.105
Q03067	0	0	-1.333
Q10574	0	0	-1.447
Q04116	0	0	2.434
O42636	0	0	1.225
A0A061ACU2	1	0	7.426
A0A0B5LB55	0	0	1.252
O74450	0	0	0.929
P17568	0	0	-0.94
Q9UTE3	0	0	2.401
O74547	0	0	2.112
P27205	0	0	-3.66
P80503	0	0	1.17
O74824	0	0	2.462
Q8RWL4	0	0	0.751
O43088	0	0	-2.815
P06013	0	0	1.678
Q9V3H8	0	0	-1.39
Q02525	0	0	-3.201
O94533	0	0	2.782
P53725	0	0	-2.147
O74739	0	0	-2.21
G8B839	0	0	0.822
P31165	0	0	4.921
P49906	0	0	-2.76
G5EGK6	0	0	0.295
Q9LU39	0	0	5.741
O59746	0	0	-3.33
Q10KL8	0	0	-2.435
Q9FWR4	0	0	-1.716
O94461	0	0	-2.526
Q8TBE7	0	0	-2.987
Q8R4N0	0	0	4.162
Q9C642	0	0	2.4
Q9P0R6	0	0	0.18
Q9UTN0	0	0	-3.26
Q8VYI3	0	0	5.723
Q01663	0	0	1.82
Q9SNB6	0	0	2.363
P07248	0	0	1.115
Q00994	0	0	-4.172
Q969X6	0	0	-1.111
P22136	0	0	0.891
P19538	0	0	4.254
O14981	0	0	1.118
G0S235	0	0	4.511
Q9VA12	0	0	2.342
O59809	0	0	3.745
Q9Y237	0	0	-3.386
O14310	0	0	-1.145
O21281	0	0	-8.039
Q04613	0	0	5.316
Q10164	0	0	-1.878
Q00947	0	0	0.141
Q07441	0	0	-2.117
Q09260	0	0	-2.894
Q68G58	0	0	1.227
Q9Y804	0	0	-1.085
O42979	0	0	0.942
Q9N5A8	0	0	-0.143
P47043	0	0	4.309
Q9VLR5	0	0	-4.571
P25398	0	0	-0.538
Q9C107	0	0	-1.11
Q9LVI9	0	0	0.208
Q15257	0	0	0.512
Q86UV5	0	0	-1.875
Q08143	0	0	1.101
Q09406	0	0	-1.976
Q9CPV2	0	0	3.543
P80504	0	0	-4.55
P81834	0	0	-11.31
P53335	0	0	-1.114
Q9H8K7	0	0	2.076
Q5WRN1	0	0	4.052
Q02457	0	0	2.565
Q9GZY1	0	0	-1.06
P25032	0	0	5.068
Q8N140	0	0	0.393
Q86W42	0	0	5.306
Q6PR54	0	0	2.844
P51610	0	0	2.319
Q08157	0	0	3.761
O14242	0	0	2.878
P32489	0	0	-4.693
Q06244	0	0	-0.742
P40057	1	0	6.882
P53201	0	0	-0.996
P41347	0	0	1.35
P33749	0	0	1.977
Q9P802	0	0	2.529
Q9P7J1	0	0	1.283
Q0WMY5	0	0	3.621
Q2HJF1	0	0	-0.05
P40356	0	0	-3.452
A2AG06	0	0	2.171
Q94230	0	0	0.129
Q2QX40	0	0	1.945
Q9Y3C1	0	0	0.367
Q6PIZ9	1	0	8.08
Q20733	0	0	-5.274
P91277	0	0	0.897
Q9C9C0	0	0	1.284
Q03760	0	0	-4.25
P40568	0	0	-3.052
Q94A65	0	0	2.487
P40547	0	0	3.636
Q99207	0	0	-4.734
P20290	0	0	-2.642
Q90Z80	0	0	2.332
O00483	0	0	4.222
Q80SU7	0	0	-0.889
P33144	0	0	2.133
Q9P032	0	0	-1.041
Q9SLB9	0	0	-0.36
Q9USS4	0	0	-0.476
Q56P03	0	0	-1.744
Q61471	0	0	-4.63
P68358	0	0	0.128
Q9JIR4	0	0	-2.94
Q13901	0	0	3.471
Q91YD9	0	0	3.4
Q63707	0	0	2.386
Q9P7N5	0	0	-0.426
Q07233	0	0	-0.056
Q84VQ1	0	0	1.217
P53140	0	0	-0.192
P19955	0	0	0.691
P38909	0	0	4.772
Q93WL3	0	0	2.325
Q12374	0	0	-3.398
Q3MIT2	0	0	1.677
O43521	0	0	0.82
P30044	0	0	5.059
P55924	0	0	3.092
Q18211	0	0	-2.922
Q9LXD1	0	0	2.102
Q9LFQ9	0	0	0.333
G5EBR8	0	0	-0.627
P40631	0	0	-5.752
Q04749	0	0	1.814
Q9P7H1	0	0	1.824
Q9BV86	0	0	-0.457
Q9JMB1	0	0	-0.107
P30803	0	0	1.165
Q01664	0	0	1.052
Q93WX6	0	0	6.164
Q06091	0	0	-2.045
P54278	0	0	1.98
Q06157	0	0	0.677
O13351	0	0	-2.134
Q9US34	0	0	0.199
Q66JZ4	0	0	0.685
Q21148	0	0	4.916
H2KZB2	0	0	0.757
Q08258	0	0	1.349
Q3E7A8	0	0	1.102
A0A125S9M5	1	0	6.677
Q9FEC4	0	0	1.782
Q96MH2	0	0	0.671
P40858	0	0	0.085
Q84T94	1	0	6.979
O43004	0	0	1.213
Q6NN03	1	0	7.379
Q15678	0	0	1.088
Q8RWN0	0	0	-0.694
A6H8H2	0	0	1.532
Q9P370	0	0	-1.525
O35253	0	0	0.808
Q3KRB8	0	0	1.981
P34218	0	0	-2.998
Q9USN2	0	0	1.328
O74560	0	0	-0.22
P14868	0	0	1.565
O04249	0	0	4.597
Q9Y6K9	0	0	-0.487
P09798	0	0	4.252
O74738	0	0	0.053
O74736	0	0	-0.804
Q9UQY9	0	0	4.369
Q38796	0	0	1.467
Q8WZ33	0	0	4.571
Q63398	0	0	2.46
G3UVW3	0	0	2.002
Q8H186	0	0	1.564
O00442	0	0	3.859
Q9DB60	0	0	0.657
Q8MXY0	0	0	3.591
Q9FN69	0	0	1.854
Q29419	0	0	-1.763
O14268	0	0	-2.39
O02073	0	0	2.051
P34225	0	0	-0.87
Q7Z713	0	0	5.537
G5EDT1	0	0	0.326
Q8RXU9	0	0	3.335
Q84X53	0	0	4.587
P53168	0	0	-1.121
P38281	0	0	-4.923
Q04477	0	0	-7.823
Q5TA45	0	0	2.256
A8IJF8	0	0	5.78
Q8N5Y2	0	0	-2.946
Q04930	0	0	1.865
Q94BS2	0	0	4.09
B1AL88	0	0	5.56
Q9VR17	0	0	0.039
Q8WV24	0	0	0.558
Q94CL6	0	0	4.438
Q3TQ03	0	0	2.12
Q99829	0	0	4.179
Q8WT44	0	0	4.069
J9VI03	0	0	-1.864
O22802	0	0	4.534
P0CG48	0	0	-2.078
Q25423	0	0	5.854
P37263	0	0	-3.717
P42840	0	0	3.242
G5EGP4	0	0	1.494
F4IDB2	0	0	1.379
Q07560	0	0	-0.584
P28299	0	0	-3.492
Q86X51	0	0	5.881
P53218	0	0	-0.398
Q60452	0	0	6.114
P25046	0	0	-2.856
Q86VZ6	0	0	1.022
Q13426	0	0	3.132
P40055	0	0	0.296
P53127	0	0	-1.679
O60104	0	0	-0.322
Q1XDE1	0	0	-2.281
Q3E747	0	0	-3.582
Q8RWV8	0	0	0.787
P82925	0	0	4.865
Q96JJ3	0	0	5.23
Q29PU2	0	0	3.993
P53187	0	0	-4.382
Q96MI9	0	0	3.024
Q10328	0	0	-3.089
Q9D219	0	0	0.405
W0RYD3	0	0	-0.164
O94403	0	0	-2.371
P40362	0	0	-0.148
Q54F42	0	0	0.144
Q7XYY2	0	0	4.515
P34849	0	0	3.235
Q15067	0	0	-2.457
P62103	0	0	3.257
O43716	0	0	3.367
P70338	0	0	0.855
O36024	0	0	-1.124
Q9DAG5	0	0	-1.043
P53895	0	0	-4.888
Q76IQ7	0	0	1.488
Q9C7C4	0	0	-0.33
O94301	0	0	-0.871
P53167	0	0	0.168
Q86A84	0	0	-1.937
Q9BZJ7	0	0	5.934
E9Q557	0	0	-2.629
P25584	0	0	4.206
Q9V3Z1	0	0	3.822
O43030	0	0	1.012
P57093	0	0	2.94
P55786	0	0	4.768
Q9BWF2	0	0	2.137
Q84MH1	0	0	4.564
P46754	0	0	-2.424
Q9BXL8	0	0	2.026
Q6P087	0	0	-1.706
P05066	0	0	-2.992
P43395	0	0	-0.035
Q8IVP5	0	0	1.432
Q1K6P0	0	0	3.786
Q9UTB2	0	0	0.602
Q6NUF4	0	0	-1.465
O74563	0	0	3.319
P80404	0	0	3.068
P63040	0	0	-4.684
Q06409	0	0	-1.702
Q9LRB7	1	0	7.285
Q80VQ0	0	0	-2.923
Q9VR19	0	0	0.529
P30902	0	0	1.24
Q801E2	0	0	-1.486
Q66LG9	0	0	-0.125
P43079	0	0	1.296
Q8WY64	0	0	-0.57
Q9XXN2	0	0	3.566
Q9SCL7	0	0	-1.305
P98170	0	0	1.258
O74478	0	0	1.731
O82279	0	0	0.935
Q99583	0	0	-0.001
P86397	0	0	1.042
Q9FJJ3	0	0	-1.77
Q9ULE6	0	0	0.369
Q9Y3R4	0	0	1.906
Q65Z55	0	0	-0.336
P68040	0	0	-0.574
Q9JHX2	0	0	5.194
Q53S58	0	0	2.684
Q1KXP9	0	0	4.153
Q8BM75	0	0	1.581
Q9UUJ5	0	0	-3.169
Q86TV6	0	0	-3.0
Q4PJT6	0	0	2.456
Q9P7J2	0	0	0.071
Q8K5A9	1	0	6.332
Q09867	0	0	2.549
Q20EU9	0	0	0.416
Q8W4L5	0	0	4.426
Q7L5Y9	0	0	0.137
Q93348	0	0	5.97
Q8N0S6	0	0	-0.537
O94468	0	0	-0.43
Q8BKT7	0	0	-5.46
Q5TGY3	0	0	3.393
O74854	0	0	2.523
Q9WVE0	0	0	-1.075
O43067	0	0	-2.367
Q99643	0	0	2.502
Q7JXG9	0	0	4.962
P14693	0	0	0.087
P41812	0	0	-1.075
Q383Q5	0	0	2.341
P53004	0	0	2.498
P0C2B9	0	0	0.728
B4XT64	0	0	3.942
Q9UTQ4	0	0	1.532
Q3TYA6	0	0	3.869
Q9VJL6	0	0	-5.255
Q9NGX9	0	0	0.963
P22315	0	0	3.42
P40050	0	0	-2.232
O13297	0	0	-4.267
Q9P6M0	0	0	-3.185
Q11107	0	0	-0.835
Q9MUQ5	0	0	3.099
Q9NYX4	0	0	0.648
Q80XL6	0	0	1.8
Q9FMS5	0	0	-1.939
Q9ES71	0	0	1.268
G2TRN4	0	0	-0.674
P28288	0	0	5.362
Q6T4R5	0	0	1.382
Q9VDV3	1	0	6.917
O43813	0	0	3.068
Q9Y5A9	0	0	1.22
Q5DP50	0	0	3.753
Q14157	0	0	-1.877
P40517	0	0	-7.301
Q8BG87	0	0	0.719
P48274	0	0	2.811
Q96AG3	0	0	-1.438
P36523	0	0	1.352
Q21776	0	0	0.953
Q04705	0	0	2.074
O14043	0	0	-4.319
Q9FWA3	0	0	3.079
Q6LA53	0	0	0.714
Q04411	0	0	0.894
Q9CA67	0	0	4.86
Q8CGB3	0	0	2.114
V5IRA3	0	0	2.167
Q9D4J1	0	0	-2.266
Q9QY93	0	0	3.55
Q07896	0	0	-3.016
Q96QF7	0	0	-0.961
P12852	1	0	7.257
Q3S4A7	0	0	-0.128
Q8CJ27	0	0	3.734
Q7TN79	0	0	-2.13
Q9P6N2	0	0	-2.34
Q5HYJ3	0	0	2.509
Q19969	0	0	3.263
Q6P9B9	1	0	8.286
Q8N371	0	0	-0.958
Q9DBR0	0	0	2.354
Q9H8S5	0	0	4.46
Q9VKY1	0	0	4.078
Q659A1	0	0	-1.073
Q9UTC5	0	0	3.698
Q6ZIK5	1	0	6.969
Q10661	1	0	6.394
O15014	0	0	1.909
Q9BT17	0	0	3.498
Q8LPQ9	0	0	3.407
P54939	0	0	-2.433
Q9NWT6	0	0	4.571
Q8VZA0	0	0	0.822
Q12167	0	0	-1.022
Q08753	0	0	3.919
P70336	0	0	-1.958
P0CG13	0	0	0.357
Q01831	0	0	-3.698
Q8IQG1	0	0	3.823
P18296	0	0	3.878
Q12361	0	0	3.829
Q10333	0	0	2.92
O96759	0	0	1.673
Q9LHE5	0	0	3.41
O60941	0	0	-3.477
Q9SZ45	0	0	5.544
P32185	0	0	-2.135
P43332	0	0	-0.973
Q8TCW9	1	0	7.384
F4IV66	0	0	2.413
O13985	0	0	-1.128
Q93VB2	0	0	-0.065
P39975	0	0	4.282
P11638	0	0	1.446
F4IQV7	0	0	2.489
O13838	0	0	0.36
F4JCU0	0	0	-7.141
O94602	0	0	-8.011
E9PVX6	0	0	3.047
Q96N77	0	0	-1.169
O46385	0	0	0.724
Q3URU2	0	0	-2.498
Q9FFA7	0	0	4.852
P53930	0	0	-3.148
Q9SWI6	0	0	5.489
Q8H0V5	0	0	2.024
G5EEM0	0	0	0.621
P13469	0	0	-4.476
P32344	0	0	2.785
O35465	0	0	1.602
P55263	0	0	-0.672
Q84Y18	0	0	3.074
Q9C0X8	0	0	0.769
Q9STX3	0	0	0.499
Q6BDR8	0	0	-0.376
Q9QZS8	0	0	1.771
O13684	0	0	-7.835
Q96SB3	0	0	0.398
Q75F43	0	0	0.958
Q03798	0	0	1.832
P51521	0	0	2.656
P87121	0	0	-2.315
P0CT58	0	0	2.35
Q15080	0	0	-2.726
Q8R3P9	0	0	3.388
Q6UPE1	0	0	5.853
Q9XI00	0	0	0.357
Q8GTS1	0	0	-2.263
O43808	0	0	3.637
O94660	0	0	2.067
Q12179	0	0	-0.562
Q06J62	0	0	-2.844
Q86V20	0	0	-2.005
P0CX38	0	0	-2.157
P12695	0	0	1.45
Q96T76	0	0	2.754
P53255	0	0	1.798
Q42736	0	0	0.322
Q9UI26	0	0	4.441
Q96524	0	0	1.885
O94393	0	0	-4.436
P54886	0	0	2.047
O81242	1	0	6.547
Q9P7M4	0	0	-0.931
Q1XDD3	0	0	1.855
Q9Y276	0	0	4.863
O95411	0	0	5.027
Q9UUI3	0	0	3.323
L0R8F8	0	0	1.458
P46060	0	0	0.33
O74350	0	0	-2.838
Q90ZN1	0	0	5.041
Q9QXM1	0	0	-1.245
Q9UGU0	0	0	5.269
P27469	0	0	5.364
A8MPH9	0	0	-4.025
Q4WTI4	0	0	0.447
Q93009	0	0	-4.176
O13563	0	0	-0.712
Q09135	0	0	0.633
O65107	0	0	1.381
Q93VM9	0	0	3.217
P05084	0	0	2.004
P52553	0	0	-0.315
O88735	0	0	-1.854
Q18297	0	0	0.126
O60141	0	0	-0.694
P54074	0	0	-0.832
Q9BDP6	0	0	-2.074
P79211	0	0	6.151
Q18508	0	0	2.62
P40515	0	0	-2.029
Q24167	0	0	3.263
Q09LL3	0	0	2.428
Q1M168	0	0	-0.421
P0CB49	0	0	2.179
Q9DB96	0	0	0.902
Q01519	0	0	-3.032
A0A0B5L781	0	0	1.248
O13698	1	0	6.43
Q9HAB3	1	0	7.607
Q6FJH4	0	0	-1.329
Q04048	0	0	-2.582
Q9TYY7	0	0	3.471
Q9VX09	0	0	0.997
P56347	0	0	1.58
Q9P7S6	0	0	-0.174
Q9P7K5	0	0	2.443
Q86UD5	0	0	-1.635
Q5SSW2	0	0	1.421
P39943	0	0	-0.721
Q22829	0	0	2.649
Q32NR9	0	0	-1.033
Q26366	0	0	6.038
Q03770	0	0	-5.205
Q0P5B3	0	0	1.621
Q01981	0	0	3.687
Q6DBR6	0	0	-5.638
Q08142	0	0	0.771
Q07930	0	0	-3.381
P40028	0	0	-2.642
Q9SNC0	0	0	-5.847
P48732	0	0	-1.689
J9N5P9	0	0	0.096
O74381	0	0	-1.404
Q9VZQ1	0	0	3.977
O94405	0	0	0.919
Q8VXP3	0	0	4.946
Q0WP96	0	0	5.054
Q9M9L6	0	0	-3.21
P58151	0	0	-4.334
O42882	0	0	0.135
Q9H5F2	0	0	2.364
Q13156	0	0	1.668
Q9P7M6	0	0	-3.512
Q92374	0	0	0.386
Q9UUE7	0	0	1.103
Q921G6	0	0	3.551
Q9NYK5	0	0	2.441
Q9ULZ0	0	0	0.6
P40917	0	0	-1.441
P37398	0	0	3.492
Q96HS1	1	0	7.116
O94606	0	0	-0.921
Q9NXE8	0	0	-5.881
P23611	0	0	-4.327
O95571	0	0	2.021
Q9US38	0	0	0.104
Q5T5X7	0	0	-1.159
O22265	0	0	2.428
Q60864	0	0	-1.453
Q9VV74	0	0	-1.424
Q91WN3	1	0	8.007
P53873	0	0	0.435
Q8IM30	0	0	-2.311
O50016	0	0	0.199
Q3U5Q7	0	0	4.23
P11596	0	0	-5.385
Q9QZU4	0	0	-0.427
O94480	1	0	6.502
Q5XIQ3	0	0	4.609
O43114	0	0	1.266
P80264	0	0	-1.476
Q91V08	0	0	6.167
Q9P7W7	0	0	1.209
Q8S9M1	0	0	4.304
E9Q5F9	0	0	-1.486
Q0H8X7	0	0	-0.681
P36056	0	0	-1.909
Q15424	0	0	5.402
O94261	0	0	3.261
F4JYE9	0	0	-3.454
P32336	0	0	-1.265
Q96TL7	0	0	-1.757
O13801	0	0	0.829
Q23794	0	0	-5.678
Q9C5Q8	0	0	2.384
Q9H790	0	0	-1.258
Q9NVV4	0	0	3.587
Q9NW15	0	0	0.652
Q8GTR4	0	0	4.787
Q12497	0	0	-2.135
P00966	0	0	0.558
Q9Y5X3	0	0	-1.115
P38777	0	0	0.058
Q9GZL7	0	0	-2.615
P25005	0	0	3.998
Q9CQJ2	0	0	-0.001
Q38834	0	0	-0.687
Q9ZUZ6	0	0	-1.728
Q9LPW3	0	0	5.924
Q8NEY8	0	0	-6.447
Q01617	1	0	8.889
Q9JJK1	1	0	7.699
P32807	0	0	0.443
Q147X3	0	0	3.365
Q9M0V4	0	0	-7.549
Q9SS48	0	0	6.082
Q9SRK5	0	0	-0.744
Q7SY10	0	0	3.435
Q6TA49	0	0	3.227
P40848	0	0	0.507
B2RZD2	0	0	4.316
Q09725	0	0	-0.105
O15438	1	0	7.921
O59744	0	0	-5.24
O95466	0	0	-0.803
P53125	0	0	1.643
Q9H1K0	0	0	2.921
Q9LLY4	0	0	1.818
O94723	0	0	-2.592
P32357	0	0	-0.588
Q09823	0	0	0.658
Q497V6	0	0	3.958
O94583	0	0	-2.116
Q945M1	0	0	0.333
P25642	0	0	0.754
Q9SU14	0	0	3.519
Q6S000	0	0	-2.394
Q8BMB0	0	0	0.481
P35228	0	0	0.13
O80504	0	0	3.436
Q5IZC8	0	0	-2.967
Q16773	0	0	1.244
P36532	0	0	1.882
P38279	0	0	3.251
Q9FFF4	0	0	3.413
P91082	0	0	1.908
O74113	0	0	4.073
P35549	0	0	-0.501
P20482	0	0	4.365
O59748	0	0	1.625
Q7TPD6	0	0	1.344
A6NC51	0	0	4.05
P69851	0	0	-3.951
Q14674	0	0	1.466
P81909	0	0	0.986
O74984	0	0	1.831
Q9P7P9	0	0	0.592
Q03702	0	0	2.634
G5EG17	0	0	-1.981
Q96T23	0	0	5.027
P26862	0	0	0.476
Q9NY27	0	0	-0.294
Q9FVE6	0	0	2.113
Q70IA6	0	0	-1.914
Q9BRJ2	0	0	2.088
Q02038	0	0	0.94
P54857	0	0	1.087
Q6AX31	1	0	7.197
D4A3U0	0	0	3.336
A2RVK7	0	0	4.97
Q02336	0	0	2.456
Q86TB3	0	0	3.316
Q9HCN2	0	0	5.958
Q09779	0	0	-0.017
P25379	0	0	3.213
Q02794	0	0	-2.786
Q9C469	0	0	-3.765
P40481	0	0	-2.794
Q7YZH1	0	0	1.568
P35435	0	0	-0.453
Q80WQ9	0	0	1.443
Q9VWE6	0	0	3.122
Q04779	0	0	1.708
P38927	0	0	-0.222
P39979	0	0	0.263
Q07458	0	0	-1.948
Q8N2H3	0	0	2.617
Q14916	0	0	3.612
Q9Y241	0	0	3.512
P36162	0	0	2.541
D3YZI9	0	0	2.187
O94392	0	0	2.634
Q6UB98	0	0	-6.115
H2KY91	0	0	3.954
P51228	0	0	0.225
Q92619	0	0	3.41
O82504	0	0	-0.095
F4JLC1	0	0	3.893
O94277	0	0	1.41
P40530	0	0	-2.227
Q9EQH4	0	0	1.988
O94258	0	0	-0.281
P36168	0	0	2.129
Q9BYK8	0	0	4.849
Q9FYR6	0	0	5.196
P48945	0	0	2.54
Q9SPU7	0	0	-1.264
Q9Y802	0	0	0.053
Q94KE2	0	0	-0.908
Q1XDS0	0	0	0.269
Q9P5M9	0	0	-0.182
Q16186	1	0	6.716
Q9VW51	0	0	-0.24
O94493	0	0	-0.866
P49728	0	0	4.455
Q10990	0	0	-2.66
Q10426	0	0	4.299
Q96L50	0	0	4.844
Q9USU3	0	0	1.839
Q7RYL4	0	0	-0.084
Q8CGY6	0	0	2.626
Q99933	0	0	-3.596
A0A0P0X0C0	0	0	-1.793
Q8IWA0	0	0	0.088
Q9H0E9	0	0	1.566
O60053	0	0	-1.326
Q6J4K2	1	0	8.224
O14033	0	0	-0.456
Q7XS69	0	0	-0.224
P0DKJ8	0	0	-4.43
Q6NKS4	0	0	3.482
Q4MYA8	0	0	-5.187
Q08076	0	0	2.526
O74365	0	0	0.555
Q8C0V1	0	0	1.051
O74424	0	0	0.072
P36000	0	0	-3.111
O88177	0	0	1.685
Q9USR2	0	0	3.08
Q9H871	0	0	2.145
Q940L4	0	0	0.548
Q91WE2	0	0	-5.299
P07257	0	0	-0.48
Q07979	0	0	0.205
Q8LK56	0	0	-2.653
P81664	0	0	-4.404
Q10SU5	0	0	1.312
Q99J39	0	0	1.737
B6HQN4	0	0	0.853
Q9P7G6	0	0	1.138
Q9D513	0	0	-1.002
Q925D4	0	0	5.527
Q01359	0	0	1.883
P36152	0	0	1.134
Q8N163	0	0	2.254
P47027	0	0	-1.372
Q9CAC5	0	0	4.213
Q09902	0	0	1.796
O19907	0	0	-1.558
P22293	0	0	-0.841
Q9SLJ2	0	0	-4.736
P21761	0	0	5.674
Q9S720	1	0	8.422
Q9N5R9	0	0	2.504
Q6P5E8	0	0	1.75
Q9LPZ4	0	0	-6.659
Q3T0L3	0	0	1.34
Q9TLU9	0	0	1.446
Q9S816	0	0	-1.822
Q09100	0	0	-7.424
Q06211	0	0	-2.029
Q03761	0	0	-2.779
P19212	0	0	2.727
B2RVW2	0	0	5.528
Q9VXE6	0	0	1.835
Q00912	0	0	-1.879
P57728	0	0	-3.915
A0A0B4J1F4	0	0	1.255
O14188	0	0	3.995
Q9M7I9	0	0	4.389
F4IV16	0	0	2.376
Q6ZC03	0	0	1.54
P54622	0	0	1.996
Q9FFG0	0	0	-0.035
Q8VEK3	0	0	-0.542
Q9FJH5	0	0	-0.299
Q9I9L7	0	0	1.315
P48331	0	0	3.849
Q04839	0	0	-5.088
F8VPU2	0	0	-0.456
Q9W7F2	0	0	-0.29
Q21988	0	0	0.427
Q9Z311	0	0	4.265
Q62792	0	0	5.243
Q80TN7	0	0	2.066
Q90578	1	0	6.566
Q5M775	0	0	-0.095
Q9JJ28	0	0	1.829
Q10369	0	0	-1.026
F1MH24	0	0	2.804
P39952	0	0	1.177
Q27368	0	0	0.294
P47093	0	0	-1.641
Q5AJU7	0	0	-3.619
Q9VHJ6	0	0	5.086
Q8GWA7	0	0	-0.103
Q8NBA8	0	0	5.041
Q8K3Y6	0	0	3.906
O94522	0	0	-1.828
O94875	0	0	0.129
P42731	0	0	3.217
Q5XV40	0	0	0.782
Q8W5B1	0	0	-0.551
P53437	0	0	-2.54
G5EBH1	0	0	0.606
Q9CQJ4	0	0	-0.05
P40387	0	0	1.589
Q9JL04	0	0	-3.639
P53068	0	0	-0.451
U9W8F2	0	0	-0.882
Q9BW66	0	0	-2.294
Q94EH2	0	0	4.28
Q9H7D0	0	0	-2.912
O78501	0	0	4.885
Q9H3Z4	0	0	-0.372
Q12349	0	0	2.131
Q9H3S7	0	0	0.723
Q58FA4	0	0	-1.454
O95104	0	0	-1.421
P30429	0	0	-0.15
P07266	0	0	0.242
Q7SGU0	0	0	2.481
Q9VLL3	0	0	-3.158
Q15029	0	0	-8.069
Q9FVV7	0	0	-2.177
Q12530	0	0	-1.389
Q07534	0	0	2.651
P0DJH6	0	0	3.761
G5ECN5	0	0	3.584
Q1XDL5	0	0	0.605
P40565	0	0	-1.967
Q4QZZ9	0	0	0.407
J3QMI4	0	0	5.072
P40073	0	0	3.815
P42159	0	0	2.481
Q9BUK6	0	0	2.774
G5DBJ0	0	0	2.949
Q9V9W8	1	0	7.769
Q99321	0	0	2.226
Q8LEG1	0	0	3.471
A1L167	0	0	1.246
P41991	0	0	1.22
P26755	0	0	0.33
Q09720	0	0	5.103
Q7SHB2	1	0	6.668
P14233	0	0	-0.585
Q9M8K7	0	0	3.925
P28370	0	0	5.157
Q9DBD5	1	0	6.423
Q03771	0	0	-2.846
Q8BHN1	0	0	-0.709
Q42855	0	0	0.287
Q4QSC8	0	0	-1.353
O13858	0	0	1.497
Q14192	0	0	2.011
Q3UHA3	1	0	6.891
P51191	0	0	5.964
Q12066	0	0	1.33
P43572	0	0	-0.736
P84722	0	0	1.228
P83183	0	0	-5.044
O74769	0	0	2.965
P38880	0	0	0.885
Q8N8R5	1	0	7.754
Q9CQP8	0	0	0.291
Q9UTI5	0	0	0.592
Q9GZS1	0	0	-0.437
Q9ESJ1	0	0	4.846
Q9H0H0	1	0	7.896
Q09275	0	0	-2.839
Q33884	0	0	5.705
Q9P7S9	0	0	-1.842
P28074	0	0	3.971
Q2LCP1	0	0	-0.671
Q2TBI6	0	0	5.72
Q9I9N6	0	0	-0.166
Q8K4H1	0	0	0.296
Q8RXD3	0	0	1.377
P41814	0	0	-4.171
H0YL14	1	0	7.318
Q06625	0	0	2.129
Q9C8J7	0	0	1.884
B6DMK2	0	0	2.603
Q85G11	0	0	-0.272
Q9UTM0	0	0	0.419
Q8WUX2	0	0	0.693
P36053	0	0	-0.215
P18412	0	0	2.402
Q924H7	0	0	-2.096
P24391	0	0	3.288
Q9LEX1	0	0	3.407
Q9JJP2	0	0	3.378
P34283	0	0	-3.678
Q14149	0	0	0.167
O17386	0	0	5.031
B8BDQ4	0	0	1.492
Q8SVD3	0	0	-2.07
Q8BRN9	0	0	1.026
Q9Y7L4	0	0	-1.261
Q10332	0	0	-2.225
Q4V5R4	0	0	2.949
O94385	0	0	-0.706
Q9P7Z6	0	0	-6.884
Q7K3D8	0	0	1.257
Q96330	0	0	-0.3
O94389	0	0	-7.449
P61218	0	0	1.346
Q9LW57	0	0	2.601
P24813	0	0	-7.138
Q53TN4	0	0	5.626
A1A6M1	0	0	2.43
E9QAU8	0	0	3.58
P54791	0	0	-2.712
D2K8N5	0	0	1.052
Q9ES52	0	0	2.252
Q9LVZ5	0	0	2.549
Q7SB95	0	0	0.949
Q3TPJ7	0	0	3.354
Q02888	0	0	-2.901
Q6FI81	0	0	2.295
Q96JP5	0	0	3.042
F4J284	0	0	-0.322
Q7Z7G2	0	0	-3.417
Q5XG73	0	0	6.007
O13706	0	0	0.174
Q03373	0	0	-1.3
Q91605	0	0	-5.167
P35192	0	0	0.351
Q6TAS3	0	0	2.872
O74835	0	0	-2.457
P49164	0	0	-7.39
Q8S2G4	0	0	2.686
P97287	0	0	3.716
Q96LW4	0	0	1.337
Q9BYN7	0	0	2.769
O77480	0	0	4.332
P35734	0	0	-0.236
Q7S711	1	0	7.89
Q9W539	0	0	5.922
Q9VN45	0	0	-0.092
P12811	0	0	2.145
P19535	0	0	-0.277
Q9VL76	0	0	-0.732
Q21738	0	0	3.095
Q9GRX6	0	0	3.609
P53067	0	0	-0.161
Q9UUH5	0	0	-4.652
P25364	0	0	-0.486
P10862	0	0	0.882
P34707	0	0	4.044
Q9URW9	0	0	-2.581
P22561	0	0	4.808
Q9STY4	0	0	2.76
Q8SWR3	0	0	-0.895
Q96E35	0	0	-0.111
O15392	0	0	2.355
Q96EA4	0	0	0.375
Q28205	0	0	5.239
Q6DBN2	0	0	3.398
P06701	0	0	-1.958
P51556	0	0	3.487
Q9NX70	0	0	2.928
O94818	0	0	0.059
Q86WR0	0	0	1.427
P07209	0	0	-3.602
P58135	0	0	-1.739
Q74ZL3	0	0	3.133
O60169	0	0	-4.165
O42637	0	0	2.552
O08781	0	0	5.321
Q7Z410	0	0	5.436
P36130	0	0	0.818
P40380	0	0	0.744
P31920	0	0	-1.979
P32903	0	0	4.113
Q59NP1	0	0	2.152
Q9UTL9	0	0	-0.025
Q98TA5	0	0	-3.245
F4IN23	0	0	2.057
Q0VAA5	0	0	1.403
P47006	0	0	-3.002
Q7L804	0	0	1.399
Q5M755	0	0	1.13
Q1ACG9	0	0	-2.003
O60063	0	0	-3.833
Q9UJX3	0	0	3.253
Q8JHF4	0	0	-2.054
P36525	0	0	-1.557
Q4WR83	0	0	-0.104
Q85G31	0	0	2.023
Q86TG7	0	0	0.951
Q9NUL5	0	0	-4.567
Q9H5V7	0	0	-1.715
P29350	0	0	-2.205
P34909	0	0	1.377
Q16853	1	0	6.381
Q9DAT5	0	0	4.918
A2CI50	0	0	3.573
Q9SYQ0	0	0	0.295
Q17336	0	0	-4.057
Q9M394	0	0	1.006
P47050	0	0	0.065
P81450	0	0	2.173
H2L0H5	0	0	1.315
Q9JIY2	0	0	-2.579
O75004	0	0	2.515
Q9SGY2	0	0	-1.064
Q9Y5Q9	0	0	-1.99
O14802	0	0	-1.247
P56785	0	0	1.632
P93203	0	0	4.417
P82338	0	0	-2.832
Q3UZ39	0	0	4.771
Q9BWN1	0	0	2.064
Q90328	0	0	4.24
Q9M0S5	0	0	1.495
Q6PJT7	0	0	-2.011
Q9SU30	0	0	0.901
Q9VPD5	0	0	-2.094
Q9UTI1	0	0	0.165
Q9V444	0	0	5.778
P32322	0	0	4.679
Q7TNB4	0	0	0.959
Q9VNB5	0	0	2.113
Q04891	0	0	0.24
F4IMQ0	0	0	0.011
Q5DT39	0	0	-2.195
Q96FX2	0	0	-0.263
Q9SKZ5	0	0	4.469
Q10331	0	0	0.963
Q9UMS0	0	0	0.367
Q8BY35	0	0	-1.387
A6QPQ5	0	0	0.836
Q0WP44	0	0	1.218
Q4W9R0	0	0	0.742
O14497	0	0	3.666
Q9NY87	0	0	-3.123
Q02685	0	0	-1.272
P82139	0	0	-1.591
Q7Z3B3	0	0	3.842
Q9HFF5	0	0	4.089
Q12182	0	0	0.123
O70572	0	0	-2.346
Q96EB1	0	0	4.634
Q9LW29	0	0	-3.38
Q0D135	0	0	4.376
Q9QXV1	0	0	0.726
P0DKM0	1	0	6.352
Q1XDC5	0	0	2.454
Q9CWR0	0	0	2.802
Q70Z53	0	0	-4.124
P25626	0	0	-0.057
P53136	0	0	1.383
Q5VTB9	1	0	6.4
Q8SX83	0	0	-0.138
P35817	0	0	-0.976
Q1MTN7	0	0	0.736
Q9LZB8	0	0	5.615
Q9Y291	0	0	-2.615
Q07053	0	0	-1.157
P53914	0	0	-3.662
Q9WV78	0	0	4.902
P29344	0	0	4.302
Q06524	0	0	-0.735
F4HXU3	0	0	1.647
P07272	0	0	1.351
Q8IVH4	0	0	1.806
O13727	0	0	1.352
P13346	0	0	3.27
P53148	0	0	-4.318
Q8GW29	0	0	1.202
O95163	0	0	-0.365
Q9M1I7	0	0	0.002
P78540	0	0	2.367
O95714	0	0	-0.974
Q0WSX8	0	0	-0.424
Q5Z807	0	0	1.546
Q6PCG6	0	0	-2.293
Q92629	0	0	5.767
O60832	0	0	-2.96
P38228	0	0	-4.672
O60138	0	0	1.486
Q9ERG0	0	0	-2.699
O60381	0	0	0.267
Q156A1	0	0	-10.617
Q8WYA6	0	0	-3.373
Q7L8L6	0	0	4.041
P48332	1	0	6.288
P06774	0	0	1.452
P08153	0	0	-3.252
Q04264	0	0	0.862
Q94AT3	0	0	5.121
Q9LVW6	0	0	3.097
Q9BQL6	0	0	-1.247
P38110	0	0	0.703
Q12704	0	0	0.018
Q69ZK0	0	0	-0.15
P0DO23	0	0	0.197
A2IDD5	0	0	3.621
P25459	0	0	-7.662
O60185	0	0	5.089
O88286	0	0	1.732
Q942A1	0	0	1.184
P27815	0	0	2.037
Q7KN62	0	0	-1.609
P53869	0	0	-1.712
P16550	0	0	-3.65
Q9USY4	0	0	5.379
Q9P7H8	0	0	2.771
Q12102	0	0	3.135
Q12974	0	0	-1.247
Q84LK0	0	0	-2.347
Q90ZF9	0	0	-0.638
Q9UTD5	0	0	0.318
P31916	0	0	-0.62
Q9FXT6	0	0	-1.393
Q5PP51	0	0	2.19
O13982	0	0	0.431
Q9P2Y4	0	0	5.181
Q9M5P3	0	0	4.471
P70444	0	0	5.219
Q9UW82	1	0	7.093
Q5HYI7	0	0	5.171
P07666	0	0	4.228
B1AWL2	0	0	-0.052
P33447	0	0	-2.126
O14122	0	0	2.022
P00319	0	0	1.225
P36517	0	0	-2.35
O14336	0	0	4.167
Q9FLD5	0	0	-0.553
P57742	0	0	1.763
Q9M2V1	0	0	0.383
Q86VD7	1	0	6.732
Q06163	0	0	1.205
Q557E7	0	0	0.015
Q9QZQ8	0	0	-1.098
O15294	0	0	4.58
O42911	0	0	-1.611
G5ECC7	0	0	-1.775
P46995	0	0	-5.407
P16862	0	0	0.792
Q96HJ9	0	0	0.429
Q5VWP2	0	0	-0.093
Q8GUL2	0	0	-0.049
P24278	0	0	1.497
P32314	0	0	1.246
P36214	0	0	1.034
Q95TS5	0	0	3.799
Q12149	0	0	2.946
Q9P013	0	0	-3.044
Q5GH66	1	0	6.75
O23342	0	0	3.661
Q9HGN8	0	0	1.666
Q36580	0	0	-1.066
P53734	0	0	-0.23
Q21227	0	0	0.001
P39956	0	0	-2.84
Q9NYH9	0	0	-5.478
Q969V5	0	0	5.31
Q07551	0	0	-0.968
F4KDN0	0	0	6.204
P34343	0	0	3.83
A0A2K8FQU5	0	0	0.703
Q9BXW9	0	0	-1.553
P53317	0	0	0.451
Q3E6R5	0	0	-1.447
Q8C784	0	0	3.47
O22267	0	0	5.67
O00180	1	0	6.963
O94535	0	0	-3.403
Q6ZNA4	0	0	1.083
Q9H0F6	0	0	5.322
Q9LK34	0	0	2.892
Q641G7	0	0	1.481
P46720	1	0	7.811
Q9U9I5	0	0	-2.547
Q9VBX1	0	0	-0.956
Q1XDT5	0	0	-5.593
P49406	0	0	4.082
P38205	0	0	-1.215
Q05048	0	0	-1.952
Q3E823	0	0	5.833
Q9M9X4	0	0	1.739
Q9P7J0	0	0	4.562
P47116	0	0	3.489
Q9USL4	0	0	2.961
P0C2X8	0	0	-3.777
O78420	0	0	1.472
P56382	0	0	-1.039
Q9ZQI7	0	0	5.536
Q9GZR1	0	0	0.092
Q01992	0	0	1.73
Q96VG0	0	0	0.704
Q9LKW9	0	0	5.132
O13881	0	0	3.463
Q9FNC9	0	0	0.195
Q5F1R6	0	0	-1.65
Q9FYB5	0	0	1.723
P24846	0	0	1.342
P07247	0	0	3.985
O94278	0	0	1.163
D0EL35	0	0	4.937
P53193	0	0	-3.219
Q05568	0	0	2.095
O88477	0	0	-0.795
P86924	0	0	-1.732
Q9V466	0	0	2.212
P87229	0	0	-1.181
Q8N3J2	0	0	3.498
P14737	0	0	-3.394
Q8WYQ3	0	0	3.649
Q3TUL7	0	0	-0.763
O08773	0	0	1.777
Q8HG02	0	0	-1.024
Q6I9Y2	0	0	2.216
Q62187	0	0	-4.681
Q9FGW9	0	0	-1.677
Q1K699	0	0	5.224
Q9P7M1	0	0	-1.213
Q9NZN9	0	0	-0.063
Q66K74	0	0	3.047
Q15126	0	0	-0.049
Q9UTE1	0	0	-6.057
Q08622	0	0	0.83
P53352	0	0	2.108
Q12513	0	0	-4.456
Q9SR77	1	0	8.179
O00291	0	0	0.188
Q9LTK0	0	0	-1.236
O55035	0	0	-2.144
Q68CP9	0	0	-1.45
Q86V97	0	0	0.692
Q8L7C9	0	0	1.309
Q9LZA5	1	0	6.862
Q501F9	0	0	-0.514
P22812	0	0	0.42
P36094	0	0	-7.11
Q9W252	0	0	-0.323
A2XFC1	1	0	6.285
A0A087X1C5	0	0	4.58
P01033	1	1	11.714
O96559	1	1	8.397
P98066	0	1	5.295
A0A7J6K7I9	1	1	8.747
P13917	0	1	4.542
P01909	0	1	6.072
Q59Y31	1	1	6.972
Q6X4U4	0	1	6.227
Q8T0W0	1	1	7.645
Q8WPJ2	1	1	8.117
P09586	0	1	3.809
Q9NTU7	1	1	8.676
Q6TPK4	1	1	10.699
P28770	1	1	8.231
P45478	1	1	10.487
Q8TDQ1	0	1	6.148
Q86T13	1	1	8.188
P08514	1	1	10.018
P19034	1	1	8.104
B9A8D7	1	1	9.601
B5LZ79	0	1	4.776
O75462	1	1	10.413
P01920	0	1	6.1
P54660	1	1	10.718
P11150	1	1	7.317
Q6ZSA7	1	1	7.446
P19324	1	1	11.147
P52706	1	1	7.28
P09341	1	1	9.747
P15261	1	1	6.646
P15226	0	1	4.414
P10124	1	1	9.325
P86798	0	1	6.232
P11911	1	1	7.88
P19594	1	1	8.607
O14791	0	1	6.123
U6BLZ9	1	1	7.113
P84688	1	1	6.983
P02230	1	1	12.495
Q3UN54	0	1	5.277
Q08481	0	1	6.108
B3STN7	0	1	2.815
Q8N441	1	1	9.07
P48765	0	1	4.3
P10820	1	1	6.53
A0A0F7YYX3	1	1	7.893
P48439	1	1	8.253
Q5KQS4	1	1	7.057
P11438	1	1	12.581
G4V4F9	0	1	4.701
P25291	1	1	9.606
Q13651	1	1	7.985
Q40975	1	1	6.745
Q5PP12	1	1	9.623
Q90W22	1	1	9.124
Q16552	1	1	7.455
Q92643	1	1	8.428
Q8BPM6	0	1	4.674
Q15399	0	1	0.45
Q9BZW8	0	1	5.083
P39037	1	1	11.716
E0XKJ8	1	1	6.656
P02659	1	1	7.271
P15516	1	1	8.602
Q16627	0	1	5.451
Q63415	1	1	14.198
P33681	1	1	8.02
P25403	1	1	6.422
Q92563	1	1	10.806
C7G3K3	0	1	5.921
Q9NRM6	1	1	10.477
P84777	0	1	4.415
Q09098	1	1	7.072
O48818	0	1	6.04
Q6UW88	0	1	3.458
O42720	1	1	8.792
P35495	1	1	6.351
Q99013	1	1	6.416
C0H9B6	0	1	5.964
Q7Z1K3	1	1	9.277
Q9YH85	0	1	3.915
Q90ZY0	0	1	5.145
P86407	0	1	2.061
P26842	1	1	7.27
P02763	1	1	7.306
Q9VG55	0	1	5.155
P34998	1	1	6.973
P83869	1	1	8.687
P0DQC1	0	1	4.956
Q8JFQ0	1	1	8.734
P48819	1	1	12.034
P83508	1	1	12.048
Q06153	1	1	8.964
P15196	1	1	8.803
Q8T0W8	1	1	8.096
P15247	1	1	8.868
Q64385	1	1	7.398
P55057	1	1	8.339
E9NX73	1	1	7.286
Q96BF3	0	1	5.051
F1RRV3	1	1	7.258
P02896	1	1	6.5
P01221	0	1	5.385
Q7Q7R8	1	1	6.822
P02780	1	1	7.984
Q9U8X3	0	1	5.488
Q14802	1	1	7.211
P29320	1	1	6.902
P04844	1	1	9.335
Q9Z0L3	1	1	8.265
Q9UHF4	1	1	12.453
B4FZ87	1	1	11.267
P18684	1	1	8.972
D4A540	1	1	9.411
Q8I817	1	1	11.5
P02703	1	1	10.879
Q5BGU9	1	1	8.59
C0HL38	1	1	11.582
O00105	1	1	9.836
P86009	0	1	4.99
P55203	1	1	11.458
F2QXM5	1	1	7.015
P0DQE1	0	1	4.874
P23044	1	1	8.463
Q05359	1	1	8.905
Q9XSW3	0	1	5.567
P0CX77	1	1	10.35
Q8MMH3	0	1	6.17
Q7M418	1	1	9.441
Q6UWJ8	1	1	11.301
P20740	1	1	8.149
P85261	0	1	6.177
M1MR49	0	1	2.157
Q8BHP7	1	1	11.46
P80109	1	1	7.216
Q56S59	1	1	7.345
P19427	1	1	10.473
O54861	1	1	10.043
G3MYZ3	0	1	5.971
P59665	1	1	9.327
P01027	1	1	11.478
Q76CA2	1	1	7.458
P36980	0	1	4.721
Q9P2K2	0	1	4.658
P12872	0	1	5.703
Q6UXB8	1	1	9.554
Q6XE38	1	1	9.553
P18428	1	1	7.982
O02826	1	1	9.89
O76942	0	1	2.592
Q10NX8	1	1	8.932
P81264	1	1	10.072
P22301	1	1	13.146
P0DSJ6	0	1	4.712
Q9U943	1	1	7.58
Q9Z0M9	1	1	7.176
Q9Y4X3	1	1	7.782
Q02083	1	1	12.715
P01139	0	1	5.477
Q60GF7	1	1	7.585
P82187	0	1	3.822
P07204	1	1	8.612
P0DUT5	1	1	7.801
P55000	1	1	7.773
Q16927	1	1	8.999
P79263	1	1	8.365
Q9BX93	1	1	10.429
O75711	1	1	7.199
B1P0S1	1	1	6.969
Q27441	1	1	9.053
P08603	0	1	4.66
P09230	1	1	7.692
P40259	1	1	9.636
P17715	1	1	8.96
P68248	1	1	10.81
P02760	1	1	12.578
O00206	0	1	5.448
P47710	1	1	12.274
Q9SU40	1	1	8.522
Q99935	1	1	9.075
F1N5C8	1	1	11.137
Q02942	1	1	10.061
Q86YD3	1	1	10.0
B3STN5	0	1	5.49
Q9D6Y1	1	1	10.671
Q23997	1	1	8.796
Q07092	1	1	9.565
P0C1X6	0	1	4.547
P32803	1	1	7.547
Q9P0V8	0	1	5.587
Q8NK90	1	1	10.748
P25942	1	1	9.548
P45561	1	1	9.633
P00533	1	1	11.776
P81160	1	1	10.851
Q95P90	0	1	5.833
Q75WF2	0	1	5.365
Q53NL5	1	1	11.561
O95866	1	1	7.819
P06028	1	1	6.322
Q9Y5Q6	1	1	6.417
P20013	0	1	5.353
P01833	1	1	7.109
Q6UX52	1	1	8.436
P02702	1	1	10.775
Q5XM24	1	1	9.638
Q86YL7	1	1	7.255
P31025	1	1	7.572
P04639	1	1	10.956
Q6UWI4	1	1	12.21
Q9UBP4	1	1	10.594
P0DUQ6	1	1	6.836
P14209	1	1	8.939
P79208	1	1	10.507
P05367	1	1	10.104
P31723	1	1	7.381
P16150	1	1	7.737
Q05928	1	1	7.884
Q9R1T7	0	1	4.066
