A0A0A1I6E7	22
A0A0A1I6N9	22
A0A0D1DWQ2	21
A0A1L6K371	23
A0A1S3PBB7	23
A0A2I4E5L6	27
A0A2L0ART2	23
A0A411EZW9	16
A0A5C2A2T2	24
A0A7J6K7I9	64
A0A7J6K7Y0	70
A1XRN2	19
A2AJB7	26
A2VBC4	18
A3RF67	31
A4VBF0	16
A5HAK0	22
A6P6V9	28
A6XMY0	25
A8CG86	16
A8CL69	33
A8E2V8	16
A8QL52	19
B0XT72	19
B2G331	22
B3A003	18
B5AR80	18
B7FDP2	19
B7S4N9	24
B7ZS96	19
B8AL97	34
B8JLQ9	24
C0H9B6	19
C0HJM9	20
C0HK27	28
C0HKM3	18
C0HLL2	18
C7F6X3	20
C9K4X8	29
D3GDK4	15
D4A540	31
E3W9M2	30
E7CLP2	18
F1N5C8	22
F1NSM7	18
F1RRV3	19
F8QN53	16
F8QN54	16
G4ZHR2	19
G5ED35	20
G8XQX1	18
G9I929	24
G9I930	30
H6U1I8	27
I1SB12	22
I2C090	22
I2G9B4	24
I3LGZ3	24
J7H670	18
K9IMD0	19
M1MR49	24
O00092	26
O00175	26
O00206	23
O00300	21
O00478	29
O00585	23
O00602	29
O00626	24
O00748	26
O02839	44
O02853	28
O08523	24
O08795	14
O09049	26
O09165	34
O13547	22
O14625	21
O14763	55
O14773	19
O14786	21
O14791	27
O14798	25
O15197	31
O15455	23
O15467	23
O18330	19
O18998	21
O35310	20
O35314	20
O35701	27
O35744	21
O42414	25
O42446	26
O42807	21
O43155	35
O43278	35
O43291	27
O43827	26
O43852	19
O43866	19
O46166	17
O54766	20
O54767	24
O54861	31
O55038	21
O55232	32
O57385	16
O60449	27
O60565	24
O60602	20
O60609	31
O60844	16
O60931	22
O61668	18
O61705	19
O64392	21
O64411	28
O70165	17
O75462	37
O75556	18
O75629	31
O75636	23
O76076	23
O76818	19
O77801	21
O88188	19
O88917	24
O89093	27
O93364	18
O94907	31
O94985	28
O95407	29
O95633	26
O95711	20
O95715	34
O95750	24
O95813	17
O95866	17
O95881	26
O95967	23
O95968	21
O95994	20
O95998	30
O96935	30
O97763	19
O97939	38
P00433	30
P00450	19
P00533	24
P00592	15
P00593	15
P00615	27
P00616	19
P00624	16
P00625	16
P00626	16
P00635	17
P00639	22
P00655	27
P00669	26
P00683	25
P00684	25
P00687	15
P00688	15
P00690	15
P00697	18
P00698	18
P00701	18
P00702	17
P00703	18
P00709	19
P00711	19
P00712	19
P00713	19
P00714	19
P00724	19
P00730	16
P00736	17
P00738	18
P00739	18
P00747	19
P00748	19
P00749	20
P00750	22
P00751	25
P00757	17
P00760	17
P00773	16
P00791	15
P00794	16
P00797	23
P00995	23
P01001	23
P01005	24
P01008	32
P01009	24
P01011	23
P01015	24
P01019	33
P01023	23
P01024	22
P01027	24
P01033	23
P01034	26
P01036	20
P01037	20
P01042	18
P01045	18
P01048	18
P01083	30
P01131	21
P01137	29
P01139	18
P01148	23
P01161	24
P01165	22
P01175	19
P01178	19
P01179	19
P01180	19
P01183	19
P01185	19
P01189	26
P01215	24
P01222	20
P01223	20
P01225	18
P01229	20
P01231	20
P01236	28
P01237	29
P01238	30
P01239	30
P01240	30
P01241	26
P01242	26
P01246	26
P01248	26
P01269	25
P01270	25
P01274	20
P01297	24
P01303	28
P01308	24
P01315	24
P01317	24
P01321	24
P01322	24
P01323	24
P01325	24
P01326	24
P01329	24
P01344	24
P01346	24
P01347	22
P01348	24
P01350	21
P01398	21
P01484	19
P01492	19
P01500	27
P01562	23
P01563	23
P01566	23
P01567	23
P01568	23
P01569	21
P01570	23
P01571	23
P01572	23
P01579	23
P01588	27
P01591	22
P01593	22
P01594	22
P01597	22
P01599	22
P01602	22
P01611	22
P01615	19
P01619	20
P01699	19
P01700	19
P01701	19
P01704	19
P01705	19
P01706	19
P01709	19
P01721	19
P01730	25
P01742	19
P01764	19
P01768	19
P01772	19
P01814	19
P01830	19
P01831	19
P01833	18
P01887	20
P01888	20
P01889	24
P01899	24
P01900	24
P01901	21
P01902	21
P01903	25
P01909	23
P01911	29
P01920	32
P02462	27
P02466	22
P02647	18
P02648	18
P02649	18
P02652	18
P02654	26
P02655	22
P02656	20
P02662	15
P02663	15
P02666	15
P02668	21
P02671	19
P02672	19
P02675	30
P02679	26
P02701	24
P02702	19
P02703	17
P02708	20
P02712	24
P02724	19
P02741	18
P02743	19
P02745	22
P02746	27
P02747	28
P02748	21
P02749	19
P02750	35
P02751	31
P02752	17
P02753	18
P02754	16
P02760	19
P02761	19
P02763	18
P02765	18
P02766	20
P02767	20
P02769	18
P02770	18
P02771	18
P02774	16
P02775	34
P02776	31
P02778	21
P02784	25
P02787	19
P02788	19
P02789	19
P02790	23
P02808	19
P02810	16
P02814	22
P02817	16
P02866	29
P02870	30
P02879	35
P03950	24
P03954	15
P03971	24
P03973	25
P04002	23
P04003	48
P04004	19
P04054	15
P04058	21
P04062	39
P04090	24
P04155	24
P04180	24
P04196	18
P04217	21
P04275	22
P04276	16
P04278	29
P04280	16
P04405	18
P04421	18
P04439	24
P04634	18
P04639	18
P04653	15
P04785	19
P04844	22
P04916	18
P04925	22
P04937	24
P05000	21
P05013	20
P05014	23
P05059	18
P05060	20
P05067	17
P05090	20
P05113	19
P05117	24
P05154	19
P05155	22
P05160	20
P05164	48
P05186	17
P05187	22
P05231	29
P05305	17
P05307	20
P05371	21
P05408	26
P05451	22
P05452	21
P05533	26
P05543	20
P05545	20
P05546	19
P05555	16
P05623	19
P05814	15
P06028	19
P06213	27
P06276	28
P06281	21
P06312	20
P06332	26
P06399	19
P06681	20
P06727	20
P06756	30
P06797	17
P06857	17
P06858	27
P06859	16
P06865	22
P06867	19
P06868	26
P07093	19
P07098	19
P07141	32
P07151	20
P07154	17
P07204	18
P07214	17
P07221	28
P07237	17
P07267	22
P07288	17
P07359	16
P07456	24
P07477	15
P07478	15
P07507	19
P07602	16
P07634	25
P07692	24
P07727	28
P07759	21
P07808	29
P07897	19
P07981	22
P07982	21
P07994	17
P07998	28
P08001	16
P08069	30
P08118	20
P08125	18
P08174	34
P08176	18
P08185	22
P08236	22
P08253	29
P08289	17
P08505	24
P08514	31
P08582	19
P08603	18
P08648	41
P08697	27
P08721	16
P08796	19
P08818	34
P08833	25
P08842	21
P08878	37
P08887	19
P08904	27
P08905	18
P08989	23
P09056	23
P09102	22
P09228	20
P09230	15
P09237	17
P09341	34
P09466	18
P09470	34
P09486	17
P09487	17
P09603	32
P09619	32
P09655	18
P09871	15
P09923	19
P0C1B3	21
P0C2W5	23
P0C8E7	20
P0C8G6	26
P0C8G7	30
P0CAR9	16
P0CAS0	16
P0CB51	17
P0CC17	18
P0CS93	24
P0CX77	25
P0CX78	25
P0CX79	25
P0CZ17	25
P0DJD7	15
P0DJD8	15
P0DJD9	15
P0DJI8	18
P0DJI9	18
P0DJJ9	16
P0DKL3	29
P0DKR6	21
P0DKU2	15
P0DL37	24
P0DML2	26
P0DML3	26
P0DN86	20
P0DUJ5	22
P10082	28
P10124	27
P10144	18
P10145	20
P10147	23
P10152	23
P10153	27
P10163	16
P10279	24
P10297	22
P10354	18
P10493	28
P10522	28
P10619	28
P10645	18
P10646	28
P10669	29
P10720	30
P10745	17
P10758	21
P10761	22
P10764	24
P10820	20
P10855	23
P10889	27
P10909	22
P10959	18
P11021	18
P11150	22
P11151	28
P11215	16
P11218	23
P11226	20
P11279	28
P11407	16
P11438	24
P11590	16
P11598	24
P11654	25
P11684	21
P11717	40
P11911	28
P11912	32
P11916	22
P11936	22
P11941	15
P12024	29
P12273	28
P12314	15
P12318	33
P12319	25
P12346	19
P12387	22
P12637	19
P12724	27
P12729	19
P12763	18
P12799	24
P12820	28
P12821	29
P12822	33
P12843	34
P12961	26
P13204	26
P13205	26
P13224	25
P13385	30
P13432	22
P13473	28
P13487	22
P13500	23
P13501	23
P13504	19
P13595	19
P13598	24
P13599	22
P13611	20
P13612	33
P13671	21
P13686	21
P13689	38
P13725	25
P13727	16
P13806	26
P13987	25
P14091	19
P14095	24
P14209	22
P14210	31
P14211	17
P14314	14
P14384	17
P14423	21
P14424	16
P14448	18
P14555	20
P14562	21
P14625	21
P14630	17
P14632	19
P14770	16
P14780	19
P14925	25
P15018	22
P15085	16
P15086	15
P15169	20
P15226	20
P15247	18
P15253	17
P15261	25
P15289	18
P15309	32
P15358	17
P15473	27
P15497	18
P15515	19
P15516	19
P15529	34
P15589	19
P15691	26
P15693	20
P15703	23
P15941	23
P16035	26
P16112	16
P16144	27
P16150	19
P16225	21
P16235	26
P16303	18
P16368	26
P16382	25
P16444	16
P16612	26
P16619	23
P16636	21
P16860	26
P16882	24
P16975	17
P17046	26
P17050	17
P17164	28
P17213	31
P17301	29
P17454	26
P17475	24
P17697	19
P17715	24
P17728	19
P17813	25
P17935	16
P17936	27
P17948	26
P18181	22
P18418	17
P18428	25
P18510	25
P18632	21
P18649	18
P18650	18
P18658	22
P18761	17
P18915	14
P19034	22
P19035	23
P19121	18
P19134	19
P19136	24
P19137	24
P19313	27
P19320	24
P19324	17
P19425	19
P19427	18
P19438	29
P19633	34
P19801	19
P19835	20
P19874	22
P19876	34
P19883	29
P19957	22
P19999	17
P20029	19
P20058	25
P20059	23
P20062	18
P20068	22
P20142	16
P20155	23
P20160	19
P20239	34
P20241	23
P20333	22
P20334	23
P20474	16
P20507	20
P20702	19
P20774	20
P20826	25
P20827	18
P20933	23
P20959	27
P21128	18
P21246	32
P21570	24
P21581	25
P21588	28
P21589	26
P21611	21
P21614	16
P21741	20
P21743	25
P21744	21
P21754	22
P21760	20
P21781	31
P21782	32
P21956	22
P22057	24
P22063	30
P22146	22
P22301	18
P22362	23
P22388	25
P22394	19
P22412	16
P22455	21
P22458	19
P22692	21
P22748	18
P22770	23
P22894	20
P23083	19
P23141	17
P23142	29
P23229	23
P23284	33
P23389	20
P23472	26
P23515	24
P23631	20
P23805	20
P23807	23
P24021	20
P24027	16
P24063	23
P24090	18
P24091	23
P24258	20
P24259	24
P24605	16
P24627	19
P24802	20
P24807	26
P24821	22
P24855	22
P25031	26
P25116	21
P25236	19
P25291	21
P25311	20
P25942	20
P26006	32
P26010	19
P26011	19
P26216	22
P26652	24
P26842	19
P26894	25
P27177	24
P27274	22
P27654	19
P27657	16
P27731	20
P27773	24
P27797	17
P28039	23
P28053	18
P28088	26
P28319	20
P28325	20
P28335	32
P28491	17
P28665	27
P28797	17
P28798	17
P28800	22
P28825	20
P28906	31
P29022	25
P29029	20
P29241	24
P29288	22
P29320	20
P29457	17
P29459	22
P29460	22
P29695	19
P29788	19
P29794	20
P30040	32
P30101	24
P30120	23
P30121	26
P30122	18
P30230	29
P30348	31
P30440	17
P30919	23
P30922	21
P30986	23
P30988	24
P31025	18
P31096	16
P31100	16
P31211	22
P31358	24
P31429	16
P31720	22
P31723	35
P31809	34
P31836	19
P32004	19
P32472	17
P32478	18
P32760	30
P32802	22
P32803	20
P32881	23
P33183	25
P33436	29
P33487	33
P33681	34
P33767	20
P34095	21
P34096	28
P34115	20
P34116	20
P34998	23
P35052	23
P35053	23
P35248	19
P35331	24
P35355	17
P35441	18
P35495	24
P35555	24
P35590	21
P35625	23
P35858	27
P35859	23
P35916	24
P36222	21
P36368	16
P36511	23
P36897	33
P36980	18
P37042	23
P37173	22
P37889	26
P38570	18
P38571	27
P38574	18
P39039	18
P40199	34
P40259	28
P40967	24
P41222	22
P41271	16
P41361	32
P41543	22
P42098	22
P42264	31
P42292	33
P42813	22
P42830	36
P43121	23
P43307	18
P43497	20
P43555	28
P43626	21
P43652	21
P45452	19
P45478	27
P45561	16
P45628	22
P45658	19
P45697	19
P45881	16
P47001	21
P47178	19
P47710	15
P48096	23
P48307	22
P48439	22
P48740	19
P48745	31
P48765	32
P48819	19
P49121	16
P49182	23
P49256	44
P49257	30
P49259	20
P49278	17
P49755	31
P49763	18
P49767	31
P49862	22
P50228	40
P50229	23
P50895	31
P51460	20
P51654	24
P51688	20
P51868	19
P52013	22
P52193	17
P52307	14
P52706	27
P52798	25
P52823	17
P53366	21
P53616	24
P53634	24
P54107	21
P54318	16
P54660	22
P54762	17
P54803	42
P54837	20
P54900	29
P55000	22
P55058	17
P55083	21
P55145	24
P55203	56
P55773	21
P55774	20
P55899	23
P56201	24
P56202	21
P56513	20
P56637	18
P56722	34
P56742	18
P57087	28
P58154	19
P58738	24
P59665	19
P60042	24
P60212	20
P60214	20
P60266	19
P60568	20
P60615	21
P60770	21
P60775	21
P61312	25
P61626	18
P61769	20
P61823	26
P61855	22
P61916	19
P62022	16
P62023	16
P62694	17
P63090	32
P63153	23
P67861	24
P67875	27
P67930	27
P67970	24
P78556	26
P78581	18
P79208	16
P79263	27
P79762	20
P80035	19
P80067	24
P80098	23
P80109	23
P80162	37
P80188	20
P80221	36
P80311	33
P80370	23
P80384	16
P80746	30
P80958	21
P80963	16
P81054	18
P81058	19
P81160	21
P81294	21
P81382	18
P81383	20
P81446	33
P81534	22
P81605	19
P81608	16
P81649	26
P82114	16
P82290	23
P82683	33
P82935	21
P83403	23
P83519	24
P83673	20
P83869	22
P83886	30
P84516	31
P84777	23
P84809	22
P84810	22
P85045	16
P85966	34
P86100	25
P86408	19
P93484	22
P93680	25
P97430	25
P97710	31
P97884	26
P98066	17
P98172	27
Q00193	24
Q00657	29
Q01129	16
Q01151	19
Q01172	20
Q01638	18
Q01965	47
Q02083	28
Q02246	30
Q02471	16
Q02567	21
Q02596	19
Q02747	21
Q02763	22
Q02795	19
Q02809	18
Q03178	18
Q03180	18
Q03405	22
Q04756	35
Q05359	22
Q05443	18
Q05895	21
Q05927	26
Q05928	31
Q06703	44
Q07011	23
Q07092	21
Q07203	16
Q07310	27
Q07325	22
Q07654	21
Q08334	19
Q08380	18
Q08481	17
Q08830	22
Q08879	29
Q09098	23
Q09131	30
Q09140	18
Q09332	22
Q0GY40	19
Q10588	32
Q10746	32
Q12127	18
Q12396	46
Q12841	20
Q13007	51
Q13145	20
Q13162	37
Q13231	21
Q13421	36
Q13433	28
Q13445	23
Q13478	18
Q13651	21
Q13683	33
Q14002	35
Q14112	30
Q14210	20
Q14392	19
Q14520	23
Q14624	28
Q14802	20
Q15084	19
Q15399	24
Q15465	23
Q15582	23
Q15762	18
Q15768	27
Q15848	18
Q16270	26
Q16552	23
Q16568	27
Q16602	22
Q16627	19
Q16663	21
Q16674	24
Q16790	37
Q17060	20
Q1RP78	16
Q1RP79	16
Q1XG90	18
Q23997	18
Q26292	21
Q26377	19
Q27081	23
Q27082	19
Q27083	31
Q27309	15
Q27908	17
Q28143	35
Q28270	33
Q28989	26
Q29411	21
Q29486	17
Q2PS07	22
Q2ULM2	16
Q2VG86	24
Q2YHJ2	16
Q2YHJ3	16
Q2YHJ6	16
Q2YHJ7	16
Q30154	29
Q3L1D1	25
Q3L245	25
Q3V1G4	20
Q3Y5Z3	17
Q40772	25
Q41358	28
Q41638	20
Q42369	33
Q4PRD1	23
Q4PRD2	24
Q4V4I9	22
Q4W1I8	30
Q4W1I9	30
Q4WL81	20
Q52085	19
Q53B58	21
Q556R7	24
Q55P57	20
Q55U20	51
Q59XX2	32
Q59Y31	21
Q5AMT2	18
Q5ECE3	16
Q5I0E7	37
Q5U9S1	20
Q5UCC4	25
Q5XM24	18
Q5ZPR3	28
Q60557	21
Q60675	19
Q60736	32
Q60994	17
Q61001	40
Q61247	27
Q61450	23
Q61508	19
Q61738	33
Q61789	31
Q61835	20
Q61885	28
Q62005	20
Q62192	20
Q62598	17
Q62718	32
Q62867	24
Q62894	19
Q63041	24
Q63345	27
Q63372	30
Q63373	46
Q63376	46
Q63415	45
Q63617	32
Q64277	24
Q64385	23
Q64424	18
Q64550	29
Q64610	27
Q6DWK3	26
Q6E0U4	21
Q6EER2	16
Q6EER4	16
Q6EH50	22
Q6H3C8	16
Q6H3D0	16
Q6IUU3	32
Q6IWZ0	18
Q6JK69	16
Q6PSU2	21
Q6PW77	25
Q6QD51	27
Q6STF1	18
Q6TGQ8	18
Q6UW15	26
Q6UW56	30
Q6UW88	22
Q6UWI2	20
Q6UWK7	24
Q6UWL6	20
Q6UWN5	25
Q6UWV6	21
Q6UWY2	31
Q6UX27	16
Q6UX39	16
Q6UX41	17
Q6UX46	24
Q6UXB2	21
Q6UXB8	27
Q6UXD5	27
Q6UXG3	18
Q6UXH1	24
Q6UXL0	29
Q6WN34	25
Q6X4U4	23
Q6YDN9	23
Q6ZSA7	34
Q70SU8	19
Q71DJ5	20
Q71QE8	16
Q75N35	25
Q76BW5	25
Q76IQ4	26
Q7L513	27
Q7SZI7	22
Q7SZN0	30
Q7T2R1	16
Q7TMF5	20
Q7TQN3	29
Q7YXD3	19
Q7Z5A7	43
Q7ZTA7	16
Q805A2	16
Q805F3	16
Q84UV8	25
Q84ZX5	24
Q868Z9	26
Q86IV5	21
Q86LE5	20
Q86M34	13
Q86QT3	20
Q86T13	21
Q86WA6	37
Q86Y34	20
Q86Y78	22
Q86YD3	26
Q86YL7	22
Q86YT9	19
Q8AXY1	16
Q8BHN3	32
Q8BHP7	32
Q8BK48	26
Q8BPM6	31
Q8BSU2	26
Q8C1Q4	21
Q8GT41	23
Q8GTB6	28
Q8H8C7	28
Q8I034	28
Q8I0L5	22
Q8IUH8	21
Q8IVL8	20
Q8J0I9	28
Q8J0K5	39
Q8JFY4	26
Q8K0D2	23
Q8L5C6	30
Q8L5J1	26
Q8MLZ7	23
Q8MM24	20
Q8MMJ7	23
Q8MP06	22
Q8MTX2	23
Q8N0W4	41
Q8N126	24
Q8N441	24
Q8N474	31
Q8N4F0	20
Q8N6C8	23
Q8N6Q3	21
Q8N766	22
Q8NAC3	20
Q8NBI3	25
Q8NBJ9	18
Q8NBK3	33
Q8NBL1	23
Q8NBP7	30
Q8NC67	22
Q8NCC3	33
Q8NHP8	41
Q8NI17	19
Q8QGR0	21
Q8RUW5	19
Q8SPQ0	21
Q8SXL2	24
Q8T1G4	19
Q8TC27	16
Q8TCT7	25
Q8TCT8	25
Q8TD06	21
Q8TDQ1	19
Q8VCS0	22
Q8VCT4	18
Q8WML4	22
Q8WMP9	29
Q8WP90	19
Q8WPJ2	17
Q8WUJ3	30
Q8WWA0	18
Q8WXF3	25
Q8WZI8	17
Q8X150	16
Q90249	16
Q90611	26
Q90935	16
Q90W39	16
Q90WJ8	24
Q91XA9	21
Q91XZ2	28
Q91XZ4	28
Q91Z98	21
Q924B5	25
Q92563	22
Q92583	23
Q92643	27
Q92765	32
Q92956	38
Q949Y3	30
Q94EG3	32
Q94K85	26
Q95460	22
Q95JC9	16
Q95M17	21
Q95P90	22
Q96318	23
Q966V2	22
Q968Z6	19
Q969H8	31
Q969J5	21
Q969N2	21
Q969P0	27
Q969Z4	25
Q96AP7	29
Q96BF3	22
Q96BY9	30
Q96DR8	20
Q96DU3	21
Q96F46	32
Q96FE7	21
Q96HE7	23
Q96HF1	24
Q96LA5	19
Q96PD4	30
Q96PD5	21
Q96RQ9	21
Q96TU3	19
Q99217	16
Q99372	27
Q99467	23
Q99519	47
Q99538	17
Q99616	16
Q99935	21
Q99944	25
Q99969	20
Q99972	32
Q99MA2	22
Q99ML8	23
Q9ATH2	23
Q9BKB7	21
Q9BQ51	19
Q9BQB4	23
Q9BWV1	30
Q9BX59	18
Q9BX67	31
Q9BX74	37
Q9BXI9	46
Q9BXJ0	15
Q9BXJ3	16
Q9BXJ7	19
Q9BYZ8	22
Q9BZM5	25
Q9BZR6	26
Q9BZW8	21
Q9C0Y4	24
Q9C9G4	27
Q9D6Y1	21
Q9DF69	18
Q9DGI0	19
Q9EQX0	23
Q9ERQ6	30
Q9ES58	23
Q9FRV0	23
Q9FRV1	19
Q9FSH9	33
Q9FXT4	55
Q9GKK3	15
Q9GL30	35
Q9GQV7	22
Q9GZM7	21
Q9GZV9	24
Q9GZX6	33
Q9GZZ8	19
Q9H1E1	28
Q9H1M4	20
Q9H293	32
Q9H3T3	25
Q9H5V8	29
Q9H6E4	22
Q9H7M9	32
Q9H9K5	26
Q9HBE5	19
Q9HC23	27
Q9HE18	18
Q9JI59	28
Q9JJS8	19
Q9JLA3	42
Q9JMI7	25
Q9LRC8	25
Q9LVC0	28
Q9LXD6	23
Q9M653	39
Q9M6E9	20
Q9N2I2	19
Q9N4D8	17
Q9NAX4	17
Q9NBG9	22
Q9NII7	22
Q9NJ98	19
Q9NL89	16
Q9NPA0	23
Q9NPF0	35
Q9NPG1	22
Q9NPR2	43
Q9NQ25	22
Q9NR16	40
Q9NR61	26
Q9NRM6	17
Q9NS68	29
Q9NSA1	28
Q9NWM8	19
Q9NYY1	24
Q9NZ53	32
Q9NZV1	34
Q9P0V8	22
Q9P0W0	27
Q9P121	33
Q9P246	14
Q9P2K2	27
Q9PTT2	19
Q9PVF4	16
Q9PWF3	22
Q9QXX3	17
Q9QYH7	23
Q9R100	25
Q9R1T7	20
Q9S7Y7	27
Q9SLY8	29
Q9SR37	24
Q9SU40	20
Q9SUQ8	29
Q9TSN6	18
Q9TTE1	24
Q9TVX3	28
Q9TY95	22
Q9U572	14
Q9U8W8	23
Q9UAC8	19
Q9UAD0	24
Q9UBD3	21
Q9UBN6	55
Q9UBP4	21
Q9UBT3	18
Q9UBU3	23
Q9UHD0	24
Q9UHF4	29
Q9UIB8	21
Q9UIK5	40
Q9UK23	25
Q9UK55	21
Q9UKY0	25
Q9UKZ9	23
Q9UNE0	26
Q9V496	25
Q9VB68	26
Q9VG55	24
Q9VH14	27
Q9VMD9	18
Q9VYX7	26
Q9WVJ9	27
Q9XIV8	29
Q9XXV0	21
Q9XYT4	20
Q9Y240	21
Q9Y251	35
Q9Y258	23
Q9Y279	19
Q9Y2I2	28
Q9Y4X3	24
Q9Y5C1	16
Q9Y5H9	22
Q9Y5Q6	22
Q9Y5U5	25
Q9Y624	27
Q9Y653	25
Q9Y6C2	21
Q9YGP1	23
Q9YH85	24
Q9Z0J8	31
Q9Z0K8	23
Q9Z0L3	17
Q9Z1K9	17
Q9ZT64	23
Q9ZWA9	25
U3FAE1	21
U6BLZ9	26
V5NC32	25
W8E7D1	23
X2JCV5	18
A0A0F7YZQ7	24
A0A0R4I951	23
A0A161AT60	25
A0A1S6EK91	20
A0A2I8B346	23
A0A2I8B352	23
A0A2I8B353	23
A1BQQ5	24
A1IKL2	18
A1X158	20
A1X159	20
A2AEP0	19
A2SY66	19
A6MEY4	27
A8CG78	16
A8CG82	16
A8CG89	16
A8CG90	16
A8QL58	19
A8Y7P1	24
B0FHH8	18
B0KZK1	21
B0XRV0	18
B1B5I8	19
B1P0S1	23
B2KNH9	24
B2NHN2	20
B3EWP3	25
B3EWP4	32
B3EWY1	22
B4FZ87	31
B5U6Y4	16
B5U6Z2	16
B6RLX2	25
B7SNV8	19
B8M9H9	18
B8PYF3	23
C0HJQ4	23
C0HJQ8	21
C0HJZ1	25
C0HKC2	16
C0HKC3	16
C0HKG0	25
C0HKG1	24
C0HL38	19
C1IC47	21
C1IC49	21
C4NZN9	16
C5J887	23
C5P3X6	18
C7B247	22
D0UGJ0	16
D1MGU0	23
D1MGU1	23
D3JXM1	22
D7UQ40	25
E0D877	25
E0XKJ9	25
E6Y8S8	27
E7BLC7	17
E7D082	19
E9NX73	22
F1AWB0	22
F1CGT6	17
F1N2K1	31
F7J1C8	21
G1CWH1	28
G1CWH3	28
G1CWH5	25
G1CWH6	25
G1CWH8	28
G3MYZ3	21
G4V4F9	19
G5EC68	17
G8YYA5	22
G8YYA6	22
I6RU32	23
I6S7G5	16
K9MCH1	21
L7VIN3	23
L8BRS3	18
M5AXY1	18
O00100	19
O02826	20
O11780	23
O18994	21
O22317	28
O35806	35
O42720	32
O46162	19
O46167	17
O46168	17
O48818	20
O55245	20
O59896	21
O62680	25
O64393	23
O70280	26
O75596	22
O75711	20
O76942	22
O80323	22
O82337	26
O93233	23
O93426	23
O93427	23
O96910	18
P00623	16
P00651	26
P00705	18
P00716	19
P00987	24
P00989	24
P00991	24
P00992	24
P00996	23
P01038	23
P01068	19
P01070	24
P01086	24
P01088	28
P01168	24
P01170	24
P01174	19
P01177	19
P01217	24
P01218	24
P01224	20
P01228	20
P01232	20
P01235	27
P01245	26
P01268	25
P01295	27
P01313	24
P01318	24
P01335	21
P01342	26
P01359	21
P01379	21
P01404	21
P01442	21
P01443	21
P01480	19
P01491	19
P01493	19
P01494	19
P01495	16
P01614	19
P01624	20
P01703	19
P01714	20
P01715	20
P01717	19
P01718	20
P01743	19
P01762	19
P01763	19
P01766	19
P01767	19
P01780	19
P01782	19
P01817	19
P01824	26
P01825	19
P02229	15
P02659	24
P02669	21
P02670	21
P02681	20
P02705	13
P02710	24
P02727	17
P02740	18
P02742	20
P02756	18
P02779	21
P02780	18
P02781	20
P02783	21
P02809	19
P02872	23
P02873	23
P02876	27
P02877	17
P04073	16
P04119	18
P04284	24
P04430	22
P04552	18
P04557	25
P04651	20
P04667	22
P05099	23
P05366	19
P05790	21
P06205	24
P06206	24
P06207	24
P06215	27
P06908	17
P06911	19
P07474	24
P07597	26
P07730	24
P08379	22
P08541	23
P08751	20
P08899	19
P08937	15
P09462	19
P09465	16
P09479	20
P09584	23
P09586	31
P09656	23
P09791	27
P09954	16
P09955	15
P0C194	21
P0C1X2	26
P0C1X7	20
P0C1Y5	30
P0C8E8	20
P0CC12	28
P0DJJ8	16
P0DMJ5	22
P0DMM8	20
P0DQP7	19
P0DQP8	19
P0DUS6	24
P0DUT1	19
P0DUT6	20
P10256	23
P10257	24
P10281	17
P10282	25
P10607	22
P10631	28
P10673	23
P10762	16
P10968	26
P11069	17
P12068	18
P12069	18
P12337	18
P12420	30
P12670	21
P12706	23
P12707	23
P12725	24
P12872	25
P13087	29
P13213	17
P13384	33
P13389	19
P13731	15
P13744	21
P13909	23
P13917	24
P14213	23
P14217	21
P14661	13
P14765	28
P14944	26
P15156	21
P15196	31
P15228	21
P15242	17
P15467	28
P15468	28
P15478	23
P15522	18
P15737	28
P16404	26
P16611	27
P16933	24
P16968	14
P17572	30
P17690	19
P18137	19
P18329	21
P18417	31
P18626	15
P18657	26
P18709	15
P18829	22
P18892	26
P18926	19
P19007	18
P19111	19
P19329	21
P19400	20
P19594	21
P19667	22
P19707	18
P19708	18
P19855	21
P20013	26
P20476	16
P20656	24
P20740	36
P20757	24
P21226	20
P21326	28
P21828	16
P21837	19
P22298	22
P22324	22
P22325	24
P22864	19
P22952	36
P22969	25
P23028	19
P23035	24
P23360	26
P23502	15
P23577	31
P23806	23
P24052	21
P24476	23
P24817	23
P25033	19
P25403	24
P25796	19
P26729	19
P26730	19
P26732	19
P26776	20
P27485	18
P28316	18
P28351	31
P29026	22
P29027	22
P30224	29
P30438	22
P31231	22
P31235	19
P31515	29
P31532	18
P31722	28
P31779	24
P31854	16
P32358	15
P32936	24
P33093	26
P33185	23
P33557	27
P33559	25
P33579	30
P34180	16
P34207	28
P34745	22
P34746	17
P34752	23
P35334	29
P35496	21
P35541	18
P35572	25
P35807	22
P36438	35
P37240	20
P38029	24
P38660	19
P41547	25
P41822	27
P42578	18
P42660	19
P42705	23
P45662	19
P45663	19
P46162	22
P46163	22
P46165	22
P46168	22
P47853	16
P48747	21
P48816	18
P49252	18
P49921	23
P50448	23
P50694	23
P50828	28
P51740	19
P51918	22
P53543	21
P55803	28
P56526	25
P56595	26
P56612	19
P56829	23
P58294	19
P59938	21
P60153	26
P60213	20
P60215	20
P60301	21
P60303	21
P60304	21
P60616	21
P61629	18
P61870	26
P61917	19
P62375	21
P62520	27
P63152	23
P67876	27
P67976	18
P67977	18
P69130	23
P69241	29
P78733	25
P79073	15
P80022	25
P80060	19
P80195	18
P80245	21
P80325	23
P80356	19
P80426	18
P80429	18
P80463	24
P80513	21
P80747	24
P80748	17
P81019	25
P81264	22
P81447	18
P81497	16
P81498	16
P81761	24
P81783	21
P81999	22
P82358	23
P82592	23
P82662	21
P82818	24
P82900	29
P82943	21
P82966	25
P83313	22
P83326	32
P83371	25
P83400	24
P83636	29
P84039	24
P84527	24
P84693	19
P84805	18
P84843	20
P85213	29
P85261	24
P86403	19
P86404	19
P86405	19
P86406	20
P86798	19
P86841	28
P93543	28
P97535	24
P98140	19
Q00017	17
Q00293	22
Q00870	19
Q01117	28
Q01460	23
Q01490	22
Q01682	18
Q02862	15
Q03044	21
Q04457	16
Q04962	18
Q05091	24
Q05186	23
Q05538	22
Q07081	16
Q07154	24
Q0P569	24
Q10E50	43
Q10NX8	30
Q12546	22
Q14641	25
Q16927	46
Q17058	17
Q18184	23
Q1HAY7	23
Q1HLC0	18
Q1ZY03	16
Q1ZYQ8	31
Q25154	24
Q26636	17
Q27085	24
Q27086	22
Q27650	13
Q27972	24
Q28042	18
Q28173	22
Q28862	16
Q2HZ28	16
Q2NME3	20
Q2PG81	16
Q2PGV8	26
Q2PGY1	27
Q2PWA3	16
Q2U4L7	20
Q2YHJ4	16
Q2YHJ8	16
Q2YHJ9	16
Q39487	26
Q39528	35
Q39529	35
Q39649	22
Q3C258	20
Q3HLQ4	16
Q3UN54	21
Q3YBN2	19
Q3YJT5	23
Q41161	31
Q41162	31
Q41649	22
Q42502	23
Q45Z11	21
Q4LCS8	22
Q4LCS9	22
Q4LCT0	22
Q4TUA4	19
Q4V645	29
Q4WBS1	17
Q4WZ11	19
Q53NL5	27
Q55GS3	19
Q56EB0	23
Q56EB1	23
Q56TT9	19
Q5B833	24
Q5BGU9	18
Q5DT21	19
Q5DW47	21
Q5EPH2	22
Q5FWE3	27
Q5I2B2	25
Q5JNJ5	28
Q5K0E0	22
Q5KQS1	19
Q5KQS4	19
Q5KSB7	16
Q5MJP5	18
Q5NAT0	34
Q5PP12	25
Q60767	27
Q60GF7	22
Q61400	33
Q62632	18
Q62703	25
Q62813	28
Q63010	18
Q63180	25
Q63191	21
Q696W1	23
Q69CK0	21
Q6F495	22
Q6GU94	24
Q6H3C7	16
Q6H3D2	16
Q6H3D3	16
Q6H3D4	16
Q6H3D5	16
Q6H3D6	16
Q6H3D7	16
Q6QX33	23
Q6RG02	18
Q6TPH0	23
Q6TPK4	26
Q6UW32	24
Q6UWM5	22
Q6UWM7	21
Q6UWV2	31
Q6UX52	20
Q6UXK5	25
Q6ZBZ2	23
Q70DJ5	26
Q70LM3	23
Q75WF2	26
Q76CA2	23
Q76CE6	20
Q76CE8	20
Q76FB0	20
Q76FP5	20
Q7M413	16
Q7M418	16
Q7M419	16
Q7M438	25
Q7M4T0	17
Q7Q7R8	29
Q7SCE9	18
Q7T045	23
Q7T1K6	18
Q7T2I5	21
Q7T2Q0	26
Q7T2Q1	23
Q7T3J2	21
Q7YSJ4	19
Q7YZS9	26
Q7ZT75	19
Q7ZT99	19
Q7ZTA6	16
Q7ZTA8	16
Q7ZZN8	19
Q800A0	16
Q800C4	16
Q800Y2	19
Q84V39	21
Q867F4	22
Q86SC0	26
Q875I9	17
Q8AV97	23
Q8AV98	23
Q8AYA2	19
Q8CEK3	23
Q8GTM0	25
Q8H6Q0	25
Q8H6Q1	25
Q8HY17	26
Q8I7X1	21
Q8I817	19
Q8I948	23
Q8IFJ8	18
Q8ISL8	24
Q8JFX7	21
Q8JGT6	23
Q8JGT7	23
Q8JI39	19
Q8JIY9	16
Q8L9T8	27
Q8LD43	22
Q8LG54	21
Q8MI01	23
Q8MMH3	19
Q8MP00	27
Q8NBM8	22
Q8NJ73	21
Q8NK90	25
Q8QG87	16
Q8S2W4	22
Q8T0W8	24
Q8T0Y7	26
Q8T9R8	24
Q8TAL6	18
Q8UUG0	22
Q8UUG2	22
Q8UVU7	16
Q8UVZ7	16
Q8W257	21
Q8WPD0	18
Q90VW1	21
Q90W22	24
Q90W54	18
Q90WA1	24
Q90WJ7	20
Q90Y77	16
Q945U0	28
Q94637	15
Q94823	22
Q95121	20
Q95NJ8	23
Q95NK7	23
Q95P08	18
Q95VF0	23
Q95WX6	21
Q96I82	30
Q96IQ7	23
Q96PL1	21
Q96QR1	20
Q96S96	22
Q98967	19
Q98996	16
Q99013	23
Q9BX93	19
Q9C5S0	20
Q9C8A4	24
Q9C9H5	21
Q9D3H2	16
Q9FK16	27
Q9GK12	21
Q9GU69	21
Q9H4G1	28
Q9HB40	26
Q9I840	23
Q9I8P7	19
Q9IAM1	23
Q9LJD9	27
Q9LYF6	22
Q9M0S4	21
Q9M373	26
Q9MYV1	25
Q9N2D2	16
Q9N2D3	16
Q9N2D4	15
Q9NBW2	19
Q9NII5	21
Q9NII6	20
Q9NJP7	28
Q9NL38	22
Q9NQ34	33
Q9NRR1	22
Q9NTU7	27
Q9PTA1	18
Q9PTC3	19
Q9PW66	19
Q9PWI3	19
Q9PWI4	19
Q9QXU1	15
Q9S8P4	20
Q9SJY7	21
Q9STQ3	27
Q9TRM8	25
Q9TW32	22
Q9U3Z3	26
Q9U8D1	28
Q9U8D2	28
Q9U8W7	27
Q9U8X3	23
Q9U943	21
Q9UAC9	19
Q9UN67	26
Q9UVI4	16
Q9XSC9	18
Q9XSW3	18
Q9XY87	21
Q9Y0Y0	24
Q9YGG9	21
Q9YGJ0	21
Q9YI92	23
Q9ZT16	21
U6A629	17
W0HJ53	27
W5XCJ6	23
W5XDM0	23
A0A023W140	24
A0A023W145	24
A0A1S6EK92	20
A0A1W6EVM7	26
A0A1W6EVN2	26
A0A1W6EVN4	17
A0AT29	25
A0AT33	17
A2CKF6	21
A2CKF7	21
A7L035	20
A7L036	17
A7VN13	19
A7VN14	19
A7VN15	19
A9UGV5	30
A9UGV6	26
A9UGV7	26
A9XE60	19
B0JFB8	19
B2BRQ5	21
B2KTG1	24
B3EWG0	21
B3F051	27
B5LYJ9	23
B9A8D7	18
C0HJM8	15
C0HJQ5	28
C0HKR1	20
C0HL62	18
C0HL63	18
C0HL64	18
C0HL65	18
C0HL82	31
C0HL83	31
C0HLA0	28
C0K3N1	24
C0STK6	19
C0STK7	23
C0STK8	19
C1IC48	21
C1IC50	24
C1IC52	24
C1IC53	24
C6JUN9	23
C6JUP3	21
C7G3K3	21
C9X4J8	20
C9X4J9	20
C9X4K1	20
C9X4K4	20
C9X4K7	21
D3Z9M3	16
E0XKJ8	16
E2DQZ5	23
E2DQZ6	23
F0UZ12	15
F2QXM5	19
F5CPD3	21
F5CPD5	21
F5CPD6	21
F5CPD8	21
F5CPE0	21
F5CPE2	21
F5CPE3	21
F5CPE4	21
F8S0Y4	19
F8S0Z5	18
G9M8X1	19
I6S390	22
I7ICN3	23
I7JUQ0	23
O00105	19
O04004	25
O14412	29
O42257	21
O46654	20
O46655	19
O48540	23
O57690	19
O60046	20
O62605	16
O62644	18
O73856	21
O73857	21
O76537	16
O77061	17
O77541	24
O80327	22
O95157	22
O96059	24
O96559	35
P00652	26
P00719	19
P01076	32
P01221	23
P01226	18
P01227	19
P01299	29
P01302	29
P01307	25
P01311	24
P01364	23
P01384	21
P01412	21
P01477	22
P01479	19
P01499	27
P01538	26
P01543	27
P01544	16
P01545	18
P01633	29
P01639	22
P02221	15
P02222	15
P02223	16
P02224	15
P02226	16
P02230	15
P02739	18
P02755	18
P02758	18
P02782	23
P02883	22
P02896	33
P03998	20
P04148	16
P04706	19
P05367	19
P06306	24
P06912	18
P07380	18
P07439	24
P07457	22
P07479	24
P07529	21
P07596	22
P07712	23
P07728	24
P08056	16
P08299	30
P08375	23
P08376	23
P09318	23
P09319	24
P09350	19
P09464	15
P09585	23
P09989	23
P0C1X6	26
P0C292	22
P0C293	22
P0C552	21
P0C553	21
P0C554	21
P0C908	22
P0DL40	21
P0DPT6	23
P0DPU0	23
P0DPU1	23
P0DPU2	20
P0DPU3	25
P0DPU5	22
P0DPU7	25
P0DPU8	24
P0DPU9	25
P0DPV0	23
P0DPV1	23
P0DPV2	23
P0DPV3	23
P0DPV5	23
P0DPV6	23
P0DPZ2	23
P0DQB8	20
P0DQC1	20
P0DQE1	23
P0DSJ6	24
P0DUQ6	21
P0DUS2	22
P0DUS3	22
P0DUS4	25
P0DUS5	24
P0DUS7	19
P0DUS8	17
P0DUS9	19
P0DUT0	19
P0DUT4	20
P0DUT5	20
P10298	23
P10456	21
P10457	21
P10459	21
P10562	26
P10675	24
P10813	25
P10822	24
P10975	24
P11643	24
P11839	15
P11919	26
P12548	16
P12549	16
P12550	16
P12992	19
P13083	26
P13691	30
P14133	33
P14170	21
P14214	23
P14612	21
P14946	23
P15223	19
P15270	23
P15399	17
P15570	20
P15818	21
P16030	28
P16094	23
P16159	24
P16850	25
P16851	25
P17314	25
P18328	21
P18659	20
P18684	18
P18959	26
P19204	19
P19656	27
P19872	22
P19959	21
P20112	17
P20462	18
P20797	21
P21814	25
P21919	26
P22297	18
P22323	24
P22327	18
P22922	16
P23044	17
P23438	17
P24296	24
P24330	22
P24336	21
P24478	21
P24792	30
P24854	22
P25068	26
P25289	31
P25331	26
P25404	27
P25497	21
P25871	21
P26202	20
P26203	20
P26461	26
P26780	30
P27275	25
P27559	24
P27613	15
P28041	25
P28770	21
P29007	31
P29060	22
P29064	35
P29392	20
P29421	22
P29523	39
P29701	15
P30659	23
P31226	19
P31418	22
P31419	20
P31420	18
P31608	24
P32947	15
P33575	19
P33577	19
P33679	20
P34170	20
P34171	18
P34174	22
P34754	19
P34951	24
P35481	18
P35501	23
P35502	23
P35578	21
P35759	21
P35775	19
P35777	19
P35778	22
P36233	17
P37109	26
P39037	15
P39873	26
P42254	25
P42255	18
P42256	19
P42889	17
P43077	22
P43306	24
P45696	22
P46169	22
P47796	18
P48842	16
P49125	18
P49141	20
P51919	25
P51925	23
P52753	22
P55057	27
P55319	22
P55320	31
P55847	28
P55955	19
P56611	20
P56626	19
P56972	19
P58823	29
P58912	21
P59899	19
P60302	21
P60771	21
P62376	19
P62928	26
P62931	26
P67788	19
P68248	25
P68416	21
P69770	25
P70090	16
P80090	29
P80284	25
P80391	25
P80392	28
P80686	16
P80915	26
P80961	20
P80964	25
P81025	24
P81295	26
P81370	24
P81417	23
P81418	27
P81429	21
P81492	20
P81511	15
P81623	29
P81941	22
P82007	26
P82102	20
P82103	20
P82143	19
P82144	19
P82187	20
P83234	20
P83472	22
P83508	16
P83618	23
P83632	17
P83880	26
P83958	24
P84296	16
P84298	16
P84685	20
P84688	20
P85204	25
P86009	17
P86407	22
P86473	21
P86797	19
P86870	23
P86875	26
P86929	14
P91627	16
P91745	20
P97515	18
P98184	21
Q00855	17
Q00945	26
Q01528	19
Q01584	20
Q02126	25
Q02942	16
Q02988	20
Q03352	17
Q03383	16
Q03472	28
Q04672	29
Q04791	25
Q06153	25
Q06575	23
Q06576	28
Q06577	30
Q07558	20
Q07831	20
Q08127	20
Q08738	16
Q09022	18
Q09117	24
Q0IQK9	25
Q10ST8	27
Q17043	19
Q17128	21
Q20224	19
Q24824	19
Q24825	24
Q25055	20
Q25255	23
Q25588	26
Q25589	26
Q26427	16
Q26643	21
Q27270	18
Q27441	21
Q27967	23
Q28085	18
Q28388	18
Q28631	28
Q29143	20
Q29381	25
Q29422	20
Q29616	22
Q29W25	26
Q2KJF1	21
Q30HU9	19
Q38L02	23
Q39527	36
Q39688	24
Q40975	19
Q41015	26
Q41159	31
Q41260	29
Q42372	31
Q42656	15
Q43413	27
Q43418	23
Q43767	25
Q43871	25
Q50KB1	17
Q53B47	21
Q53B52	21
Q53B53	20
Q53B59	21
Q56S59	23
Q589G4	17
Q5D710	24
Q5F0I3	23
Q5FZI5	23
Q5FZI6	23
Q5G8A6	19
Q5GQ85	16
Q5UFR8	21
Q5W280	19
Q60477	21
Q64HC7	19
Q653V7	33
Q6ASY2	26
Q6F4C6	16
Q6IV20	22
Q6IY74	18
Q6KF81	21
Q6KF82	23
Q6T6C1	21
Q6T6C2	22
Q6T6S5	24
Q6T6T4	26
Q6T6T5	24
Q6UW01	32
Q6UW10	19
Q6UWE3	21
Q6UWI4	33
Q6UWJ8	29
Q6UWN8	23
Q6UWY5	28
Q6UXB1	24
Q6X5T3	23
Q6XE38	21
Q6YZY5	22
Q6Z232	42
Q70SU7	19
Q765P3	19
Q765P4	23
Q78CF9	19
Q7JZV0	16
Q7T2Q6	24
Q7YT16	19
Q7Z0H4	23
Q7Z0T3	22
Q7Z1K3	23
Q7Z5L0	24
Q7ZT98	18
Q7ZTA0	19
Q7ZZN9	19
Q867W1	27
Q86R84	25
Q86SD9	19
Q86SE0	20
Q86SE1	19
Q8HYA9	20
Q8J0D2	23
Q8JFQ0	19
Q8JGT9	18
Q8JI40	19
Q8JIW1	23
Q8MI35	32
Q8MJV4	24
Q8MMG9	32
Q8MUC5	15
Q8MVA6	23
Q8RVH5	24
Q8T0W2	19
Q8T0W4	23
Q8T4J9	15
Q8T635	18
Q8WQK0	23
Q8WRY4	19
Q90WA0	24
Q90WJ9	20
Q90ZY0	22
Q91055	19
Q91XV6	17
Q92154	17
Q942A7	27
Q94435	13
Q95UE8	19
Q95VE9	23
Q963A9	24
Q965E2	17
Q96X54	25
Q99MG7	16
Q9BJX2	23
Q9BKB4	23
Q9DEA1	23
Q9DEA2	23
Q9GSA4	19
Q9GV28	16
Q9HGE1	36
Q9LLT1	21
Q9M069	22
Q9NBW4	19
Q9NRC9	17
Q9PTT0	21
Q9PVW8	23
Q9PW19	21
Q9PW68	28
Q9SLP4	26
Q9SW93	22
Q9TT95	22
Q9TW98	23
Q9UAH3	23
Q9W7J5	21
Q9XFS7	25
Q9XTN0	23
Q9XZG9	21
Q9XZH0	21
Q9Y0X9	23
Q9YGI0	21
Q9YGI4	21
Q9YGN4	23
Q9YGN5	23
Q9Z0M9	28
Q9ZT66	43
W1I921	26
A0A0F7YYX3	25
A0A2J6KL39	25
A0AT32	25
A3RJ36	24
B3STN5	19
B3STN7	18
B5LZ79	30
C6JUP1	21
C6JUP2	21
E0X9F6	18
I6RA76	18
I6S7I0	18
O02380	15
O76192	17
P01301	19
P01634	29
P01658	20
P01661	20
P01724	19
P01729	19
P01795	19
P01822	18
P05560	23
P0DMD3	21
P10976	26
P15450	19
P16531	14
P19010	15
P19011	15
P20362	24
P21978	32
P27919	28
P31110	26
P42579	23
P43174	22
P45590	17
P51456	20
P58370	21
P81827	21
P81828	21
P82384	16
P85196	15
P85197	16
P86872	19
P91629	16
Q00802	17
Q01774	16
Q2A783	18
Q39962	31
Q41350	24
Q5D231	18
Q7M3V1	20
Q8JFE6	19
Q8MMH0	21
Q8MMH5	20
Q8T0W0	21
Q8T0W1	22
Q8T0W3	25
Q8T0W5	21
Q8T113	17
Q95VP2	20
Q95VP3	24
Q9LD79	19
Q9NL39	25
Q9PRI1	21
Q9PUB7	21
